Datum;Tijd;Verbruik;Bedrag;Land
6-1-2016;13:36:02;2.880,99;€ 0,11;NL
7-1-2016;3:40:48;6.015,31;€ 0,23;NL
7-1-2016;16:52:18;2.389,53;€ 0,09;NL
7-1-2016;22:20:25;10.027,05;€ 0,38;NL
8-1-2016;21:14:48;13.150,58;€ 0,49;NL
9-1-2016;23:17:09;10.038,89;€ 0,38;NL
11-1-2016;3:40:38;5.183,77;€ 0,19;NL
11-1-2016;13:07:33;1.175,57;€ 0,05;NL
11-1-2016;16:09:26;69,409;€ 0,00;NL
11-1-2016;16:37:33;0,574;€ 0,00;NL
11-1-2016;16:56:09;1.142,69;€ 0,05;NL
11-1-2016;22:46:39;4.564,23;€ 0,17;NL
12-1-2016;10:57:03;10.699,54;€ 0,40;NL
12-1-2016;17:01:10;49,386;€ 0,00;NL
12-1-2016;17:12:29;531,719;€ 0,02;NL
12-1-2016;18:26:41;240,223;€ 0,01;NL
12-1-2016;21:18:54;197,057;€ 0,01;NL
12-1-2016;23:10:21;137,529;€ 0,01;NL
13-1-2016;0:26:48;2.783,19;€ 0,10;NL
13-1-2016;15:14:58;1.538,69;€ 0,06;NL
13-1-2016;18:05:26;40,655;€ 0,00;NL
13-1-2016;18:23:14;1.898,39;€ 0,07;NL
13-1-2016;22:27:24;7,666;€ 0,00;NL
13-1-2016;22:46:55;0,398;€ 0,00;NL
13-1-2016;22:57:32;8.250,94;€ 0,31;NL
14-1-2016;16:11:18;234,342;€ 0,01;NL
14-1-2016;17:12:06;8.028,32;€ 0,30;NL
15-1-2016;0:40:06;6.845,14;€ 0,26;NL
15-1-2016;14:44:20;98,66;€ 0,00;NL
15-1-2016;15:24:10;86,456;€ 0,00;NL
15-1-2016;15:27:21;3.956,37;€ 0,15;NL
15-1-2016;19:20:16;48,33;€ 0,00;NL
15-1-2016;20:17:30;600,473;€ 0,03;NL
16-1-2016;22:57:05;648,592;€ 0,03;NL
16-1-2016;23:48:15;24.615,86;€ 0,92;NL
17-1-2016;19:26:25;22.935,07;€ 0,85;NL
18-1-2016;23:32:24;23.002,83;€ 0,86;NL
20-1-2016;15:36:38;11.763,52;€ 0,44;NL
21-1-2016;12:24:31;91,076;€ 0,00;NL
21-1-2016;12:36:54;517,894;€ 0,02;NL
21-1-2016;14:06:37;263,616;€ 0,01;NL
21-1-2016;15:43:09;4.983,84;€ 0,19;NL
22-1-2016;9:07:14;159,626;€ 0,01;NL
22-1-2016;10:24:17;0,398;€ 0,00;NL
22-1-2016;10:43:15;0,398;€ 0,00;NL
22-1-2016;11:00:48;122,941;€ 0,01;NL
22-1-2016;11:49:39;38,247;€ 0,00;NL
22-1-2016;11:54:07;37,231;€ 0,00;NL
22-1-2016;11:56:52;34,233;€ 0,00;NL
22-1-2016;12:02:42;91,039;€ 0,00;NL
22-1-2016;12:08:06;533,731;€ 0,02;NL
22-1-2016;14:52:59;40,135;€ 0,00;NL
22-1-2016;15:03:59;23.564,48;€ 0,88;NL
22-1-2016;23:53:33;9.344,65;€ 0,35;NL
25-1-2016;15:25:18;6.799,62;€ 0,25;NL
26-1-2016;7:59:42;737,388;€ 0,03;NL
26-1-2016;10:49:04;192,352;€ 0,01;NL
26-1-2016;12:19:04;188,346;€ 0,01;NL
26-1-2016;16:29:03;160,169;€ 0,01;NL
26-1-2016;17:27:44;3.220,01;€ 0,12;NL
27-1-2016;11:14:29;31,261;€ 0,00;NL
27-1-2016;11:21:39;1.696,96;€ 0,06;NL
27-1-2016;17:37:02;10.207,56;€ 0,38;NL
28-1-2016;17:28:38;26,558;€ 0,00;NL
28-1-2016;18:12:32;2.001,09;€ 0,08;NL
29-1-2016;4:25:25;110,103;€ 0,01;NL
29-1-2016;4:58:34;802,644;€ 0,03;NL
29-1-2016;8:22:07;625,251;€ 0,03;NL
29-1-2016;10:48:25;202,311;€ 0,01;NL
29-1-2016;11:55:38;170,201;€ 0,01;NL
29-1-2016;12:52:24;1.711,61;€ 0,07;NL
29-1-2016;20:27:28;1.425,87;€ 0,06;NL
30-1-2016;2:38:24;1.995,32;€ 0,07;NL
30-1-2016;10:48:33;126,146;€ 0,01;NL
30-1-2016;11:40:05;4.836,02;€ 0,18;NL
30-1-2016;21:43:17;7,629;€ 0,00;NL
30-1-2016;22:17:39;75,646;€ 0,00;NL
30-1-2016;23:09:42;9.265,32;€ 0,35;NL
6-12-2015;11:54:28;197,644;€ 0,01;NL
6-12-2015;13:33:29;96,228;€ 0,00;NL
7-12-2015;18:42:22;36,077;€ 0,00;NL
7-12-2015;19:37:11;22,596;€ 0,00;NL
7-12-2015;20:05:35;24.838,43;€ 0,93;NL
8-12-2015;3:56:07;4.334,65;€ 0,16;NL
8-12-2015;17:34:33;9.342,10;€ 0,35;NL
8-12-2015;22:45:41;30,292;€ 0,00;NL
9-12-2015;7:22:42;1.518,11;€ 0,06;NL
9-12-2015;13:03:30;239,211;€ 0,01;NL
9-12-2015;17:40:03;1.711,90;€ 0,07;NL
9-12-2015;20:51:44;109,943;€ 0,01;NL
10-12-2015;7:15:34;5.884,05;€ 0,22;NL
10-12-2015;12:49:12;146,533;€ 0,01;NL
10-12-2015;13:01:06;18.099,81;€ 0,67;NL
10-12-2015;18:59:36;7,079;€ 0,00;NL
10-12-2015;19:21:45;6.470,04;€ 0,24;NL
11-12-2015;15:00:37;5.113,98;€ 0,19;NL
11-12-2015;18:03:53;205,401;€ 0,01;NL
11-12-2015;20:32:14;16,943;€ 0,00;NL
11-12-2015;22:59:18;329,833;€ 0,02;NL
12-12-2015;9:23:10;4.825,89;€ 0,18;NL
12-12-2015;14:32:44;61,339;€ 0,00;NL
15-12-2015;18:41:33;13.800,80;€ 0,52;NL
16-12-2015;16:08:38;6,959;€ 0,00;NL
16-12-2015;16:23:16;46,11;€ 0,00;NL
16-12-2015;18:05:53;7,016;€ 0,00;NL
16-12-2015;18:11:35;56,259;€ 0,00;NL
16-12-2015;19:52:45;353,386;€ 0,02;NL
16-12-2015;22:43:27;174,17;€ 0,01;NL
17-12-2015;8:13:03;21.799,03;€ 0,81;NL
18-12-2015;13:53:33;668,873;€ 0,03;NL
18-12-2015;18:44:32;1.093,20;€ 0,04;NL
18-12-2015;22:38:58;966,88;€ 0,04;NL
19-12-2015;8:57:45;5.149,53;€ 0,19;NL
19-12-2015;9:37:47;59.248,92;€ 2,20;NL
19-12-2015;11:46:27;275,387;€ 0,01;NL
19-12-2015;13:05:38;1.263,89;€ 0,05;NL
19-12-2015;16:06:40;1.339,32;€ 0,05;NL
19-12-2015;17:35:16;166,119;€ 0,01;NL
19-12-2015;23:44:40;466,798;€ 0,02;NL
20-12-2015;9:20:20;4.244,49;€ 0,16;NL
20-12-2015;14:06:10;530,999;€ 0,02;NL
20-12-2015;14:09:47;9.968,21;€ 0,37;NL
21-12-2015;14:31:42;255,837;€ 0,01;NL
21-12-2015;16:21:52;529,644;€ 0,02;NL
21-12-2015;18:26:39;4.535,30;€ 0,17;NL
21-12-2015;18:59:07;31.426,34;€ 1,17;NL
24-12-2015;1:16:51;27.149,39;€ 1,01;NL
27-12-2015;0:48:49;1.945,27;€ 0,07;NL
27-12-2015;6:24:13;4.515,23;€ 0,17;NL
27-12-2015;19:44:10;11,726;€ 0,00;NL
27-12-2015;19:54:12;2.745,50;€ 0,10;NL
28-12-2015;16:11:26;11,404;€ 0,00;NL
28-12-2015;16:59:54;1.175,77;€ 0,05;NL
28-12-2015;21:15:52;189,062;€ 0,01;NL
28-12-2015;23:22:23;15,444;€ 0,00;NL
29-12-2015;12:14:42;3.895,21;€ 0,15;NL
29-12-2015;13:44:47;6.254,58;€ 0,23;NL
29-12-2015;13:49:55;162,306;€ 0,01;NL
4-1-2016;23:10:34;14.880,68;€ 0,55;NL
6-11-2015;0:21:08;14;€ 0,00;NL
6-11-2015;1:26:15;8;€ 0,00;NL
6-11-2015;2:25:22;8;€ 0,00;NL
6-11-2015;2:56:29;11;€ 0,00;NL
6-11-2015;3:31:35;23;€ 0,00;NL
6-11-2015;4:47:42;8;€ 0,00;NL
6-11-2015;5:18:48;22;€ 0,00;NL
6-11-2015;6:42:56;1.129,00;€ 0,05;NL
6-11-2015;12:43:00;1.784,00;€ 0,07;NL
6-11-2015;18:41:53;320;€ 0,02;NL
6-11-2015;22:22:14;139;€ 0,01;NL
7-11-2015;2:19:47;462;€ 0,02;NL
7-11-2015;8:17:35;745;€ 0,03;NL
7-11-2015;14:17:01;508;€ 0,02;NL
7-11-2015;20:17:10;351;€ 0,02;NL
7-11-2015;23:04:10;145;€ 0,01;NL
8-11-2015;0:56:51;41;€ 0,00;NL
8-11-2015;4:08:57;9;€ 0,00;NL
8-11-2015;4:54:04;25;€ 0,00;NL
8-11-2015;6:44:11;218;€ 0,01;NL
8-11-2015;12:10:42;64;€ 0,00;NL
8-11-2015;14:07:11;257;€ 0,01;NL
8-11-2015;19:20:28;1.250,00;€ 0,05;NL
9-11-2015;1:16:58;30;€ 0,00;NL
9-11-2015;3:08:06;28;€ 0,00;NL
9-11-2015;4:36:13;35;€ 0,00;NL
9-11-2015;6:03:19;646;€ 0,03;NL
9-11-2015;12:01:19;208;€ 0,01;NL
9-11-2015;14:03:16;300;€ 0,01;NL
9-11-2015;15:19:48;35;€ 0,00;NL
9-11-2015;15:26:47;597;€ 0,02;NL
9-11-2015;17:18:24;3.903,00;€ 0,15;NL
9-11-2015;23:16:31;3.092,00;€ 0,12;NL
10-11-2015;5:11:51;27;€ 0,00;NL
10-11-2015;21:52:49;707;€ 0,03;NL
11-11-2015;7:04:10;464;€ 0,02;NL
11-11-2015;10:17:33;343;€ 0,02;NL
11-11-2015;11:28:59;1.094,00;€ 0,04;NL
11-11-2015;16:38:46;1;€ 0,00;NL
11-11-2015;16:46:59;880;€ 0,03;NL
11-11-2015;18:16:40;264;€ 0,01;NL
11-11-2015;20:14:45;1.195,00;€ 0,05;NL
13-11-2015;8:16:00;11.310,14;€ 0,42;NL
15-11-2015;8:23:18;851,236;€ 0,03;NL
15-11-2015;10:53:00;7.342,60;€ 0,28;NL
15-11-2015;13:55:00;4.315,94;€ 0,16;NL
16-11-2015;18:27:51;3.539,71;€ 0,13;NL
17-11-2015;14:15:41;839,806;€ 0,03;NL
17-11-2015;19:12:00;7,267;€ 0,00;NL
17-11-2015;19:16:17;8,326;€ 0,00;NL
18-11-2015;16:16:35;3.543,84;€ 0,13;NL
18-11-2015;17:07:41;5.623,92;€ 0,21;NL
20-11-2015;10:36:40;4.953,98;€ 0,19;NL
21-11-2015;10:42:57;7,072;€ 0,00;NL
21-11-2015;10:46:37;8,503;€ 0,00;NL
21-11-2015;10:55:57;6.131,10;€ 0,23;NL
22-11-2015;9:28:20;15.886,43;€ 0,59;NL
25-11-2015;14:58:35;30,628;€ 0,00;NL
25-11-2015;16:44:31;14.264,49;€ 0,53;NL
27-11-2015;17:38:16;14,302;€ 0,00;NL
27-11-2015;17:46:18;27,294;€ 0,00;NL
27-11-2015;18:17:20;25.108,85;€ 0,94;NL
30-11-2015;2:19:49;1.010,56;€ 0,04;NL
30-11-2015;10:12:52;21,538;€ 0,00;NL
30-11-2015;10:19:30;542,488;€ 0,02;NL
30-11-2015;13:59:58;387,831;€ 0,02;NL
30-11-2015;16:58:25;65,939;€ 0,00;NL
30-11-2015;17:17:29;0,574;€ 0,00;NL
30-11-2015;17:21:25;2.711,52;€ 0,10;NL
30-11-2015;21:16:12;1.383,73;€ 0,05;NL
1-12-2015;13:59:32;11.414,40;€ 0,43;NL
1-12-2015;23:39:43;3.357,18;€ 0,13;NL
2-12-2015;17:28:23;7.055,16;€ 0,26;NL
3-12-2015;21:51:09;1.732,24;€ 0,07;NL
4-12-2015;13:22:50;1.837,05;€ 0,07;NL
5-12-2015;9:52:23;7,016;€ 0,00;NL
5-12-2015;9:58:04;18,042;€ 0,00;NL
5-12-2015;10:20:07;3.010,82;€ 0,12;NL
6-10-2015;0:09:55;18;€ 0,00;NL
6-10-2015;1:15:02;17;€ 0,00;NL
6-10-2015;2:55:09;39;€ 0,00;NL
6-10-2015;5:31:16;14;€ 0,00;NL
6-10-2015;6:49:21;8.546,00;€ 0,32;NL
6-10-2015;9:52:42;75;€ 0,00;NL
6-10-2015;10:59:31;6.380,00;€ 0,24;NL
6-10-2015;14:54:37;11;€ 0,00;NL
6-10-2015;14:57:02;14;€ 0,00;NL
6-10-2015;15:04:25;214;€ 0,01;NL
6-10-2015;15:04:31;26;€ 0,00;NL
6-10-2015;16:29:55;84;€ 0,00;NL
6-10-2015;16:48:06;1.127,00;€ 0,05;NL
6-10-2015;22:45:19;143;€ 0,01;NL
7-10-2015;2:29:09;22;€ 0,00;NL
7-10-2015;3:15:15;15;€ 0,00;NL
7-10-2015;3:50:21;24;€ 0,00;NL
7-10-2015;4:21:30;638;€ 0,03;NL
7-10-2015;10:20:11;3.133,00;€ 0,12;NL
7-10-2015;13:33:37;4.335,00;€ 0,16;NL
7-10-2015;15:27:54;452;€ 0,02;NL
7-10-2015;16:25:29;432;€ 0,02;NL
7-10-2015;16:29:23;10;€ 0,00;NL
7-10-2015;16:29:59;13.656,00;€ 0,51;NL
7-10-2015;21:08:37;140;€ 0,01;NL
7-10-2015;21:10:14;2;€ 0,00;NL
7-10-2015;22:17:27;115;€ 0,01;NL
8-10-2015;2:45:35;57;€ 0,00;NL
8-10-2015;6:14:42;14;€ 0,00;NL
8-10-2015;7:03:48;1.245,00;€ 0,05;NL
8-10-2015;12:12:34;206;€ 0,01;NL
8-10-2015;13:56:29;2;€ 0,00;NL
8-10-2015;13:59:55;17;€ 0,00;NL
8-10-2015;14:02:34;3.042,00;€ 0,12;NL
8-10-2015;15:51:26;1.677,00;€ 0,06;NL
8-10-2015;16:16:15;42;€ 0,00;NL
8-10-2015;16:53:37;5.402,00;€ 0,20;NL
8-10-2015;17:53:10;4;€ 0,00;NL
8-10-2015;17:59:36;3;€ 0,00;NL
8-10-2015;18:05:05;123;€ 0,01;NL
8-10-2015;19:16:40;5.858,00;€ 0,22;NL
9-10-2015;1:46:51;3;€ 0,00;NL
9-10-2015;2:21:59;50;€ 0,00;NL
9-10-2015;4:56:06;17;€ 0,00;NL
9-10-2015;6:15:20;41;€ 0,00;NL
9-10-2015;8:24:25;635;€ 0,03;NL
9-10-2015;11:28:00;797;€ 0,03;NL
9-10-2015;17:23:57;1.241,00;€ 0,05;NL
9-10-2015;23:19:30;13.760,00;€ 0,51;NL
10-10-2015;5:19:20;76;€ 0,00;NL
10-10-2015;6:18:05;44;€ 0,00;NL
10-10-2015;7:07:11;1.015,00;€ 0,04;NL
10-10-2015;13:04:15;821;€ 0,03;NL
10-10-2015;19:03:58;1.941,00;€ 0,07;NL
11-10-2015;1:00:48;123;€ 0,01;NL
11-10-2015;3:25:55;21;€ 0,00;NL
11-10-2015;4:29:01;30;€ 0,00;NL
11-10-2015;6:45:21;2.308,00;€ 0,09;NL
11-10-2015;10:00:52;9;€ 0,00;NL
11-10-2015;10:01:04;794;€ 0,03;NL
11-10-2015;16:00:16;7.337,00;€ 0,28;NL
11-10-2015;22:28:50;3.298,00;€ 0,12;NL
12-10-2015;2:27:01;22;€ 0,00;NL
12-10-2015;3:15:14;24;€ 0,00;NL
12-10-2015;3:52:22;37.543,00;€ 1,40;NL
12-10-2015;9:49:33;381;€ 0,02;NL
12-10-2015;13:14:00;7;€ 0,00;NL
12-10-2015;13:14:22;36;€ 0,00;NL
12-10-2015;13:47:25;9;€ 0,00;NL
12-10-2015;13:48:01;33;€ 0,00;NL
12-10-2015;14:13:52;769;€ 0,03;NL
12-10-2015;16:42:56;15;€ 0,00;NL
12-10-2015;17:10:40;8.733,00;€ 0,33;NL
12-10-2015;23:06:56;51;€ 0,00;NL
13-10-2015;1:51:03;18;€ 0,00;NL
13-10-2015;2:58:10;38;€ 0,00;NL
13-10-2015;5:28:17;2;€ 0,00;NL
13-10-2015;6:20:25;15;€ 0,00;NL
13-10-2015;6:54:32;15;€ 0,00;NL
13-10-2015;8:03:41;34;€ 0,00;NL
13-10-2015;9:06:48;24;€ 0,00;NL
13-10-2015;9:58:56;6.534,00;€ 0,25;NL
13-10-2015;10:56:03;38;€ 0,00;NL
13-10-2015;10:57:08;49;€ 0,00;NL
13-10-2015;10:59:40;9;€ 0,00;NL
13-10-2015;11:11:24;75;€ 0,00;NL
13-10-2015;13:11:32;3;€ 0,00;NL
13-10-2015;13:26:20;2;€ 0,00;NL
13-10-2015;13:28:25;2.204,00;€ 0,09;NL
13-10-2015;19:24:36;26;€ 0,00;NL
13-10-2015;20:08:59;139;€ 0,01;NL
14-10-2015;2:04:23;85;€ 0,00;NL
14-10-2015;8:00:51;34;€ 0,00;NL
14-10-2015;8:56:43;9;€ 0,00;NL
14-10-2015;8:57:12;329;€ 0,02;NL
14-10-2015;10:06:40;1.043,00;€ 0,04;NL
14-10-2015;14:33:19;1;€ 0,00;NL
14-10-2015;14:38:35;440;€ 0,02;NL
14-10-2015;19:16:59;829;€ 0,03;NL
14-10-2015;21:49:54;322;€ 0,02;NL
15-10-2015;2:35:43;325;€ 0,02;NL
15-10-2015;4:47:50;7.414,00;€ 0,28;NL
15-10-2015;10:44:21;725;€ 0,03;NL
15-10-2015;16:40:50;10.466,00;€ 0,39;NL
15-10-2015;22:39:38;152;€ 0,01;NL
16-10-2015;4:10:45;14;€ 0,00;NL
16-10-2015;4:44:52;8;€ 0,00;NL
16-10-2015;5:16:00;2.001,00;€ 0,08;NL
16-10-2015;11:14:21;2.437,00;€ 0,09;NL
16-10-2015;17:12:59;9.146,00;€ 0,34;NL
16-10-2015;18:42:32;792;€ 0,03;NL
16-10-2015;19:37:31;11;€ 0,00;NL
16-10-2015;19:49:47;341;€ 0,02;NL
16-10-2015;22:48:17;182;€ 0,01;NL
17-10-2015;3:49:25;14;€ 0,00;NL
17-10-2015;4:34:32;8;€ 0,00;NL
17-10-2015;5:05:38;23;€ 0,00;NL
17-10-2015;6:39:45;20;€ 0,00;NL
17-10-2015;7:25:52;77;€ 0,00;NL
17-10-2015;9:09:07;6.083,00;€ 0,23;NL
17-10-2015;15:05:08;885;€ 0,03;NL
17-10-2015;19:03:08;341;€ 0,02;NL
17-10-2015;21:00:20;1;€ 0,00;NL
17-10-2015;21:31:29;100;€ 0,00;NL
18-10-2015;0:19:18;78;€ 0,00;NL
18-10-2015;3:51:25;19;€ 0,00;NL
18-10-2015;5:16:32;7;€ 0,00;NL
18-10-2015;5:47:39;18;€ 0,00;NL
18-10-2015;7:19:46;19;€ 0,00;NL
18-10-2015;8:40:53;46;€ 0,00;NL
18-10-2015;10:45:01;1.275,00;€ 0,05;NL
18-10-2015;16:40:57;66;€ 0,00;NL
18-10-2015;18:18:07;1.838,00;€ 0,07;NL
18-10-2015;23:21:13;136;€ 0,01;NL
19-10-2015;3:06:05;29;€ 0,00;NL
19-10-2015;3:41:12;59;€ 0,00;NL
19-10-2015;4:40:19;3.854,00;€ 0,15;NL
19-10-2015;10:39:26;2.014,00;€ 0,08;NL
19-10-2015;16:35:20;1.483,00;€ 0,06;NL
19-10-2015;23:06:31;6.602,00;€ 0,25;NL
20-10-2015;2:47:38;28;€ 0,00;NL
20-10-2015;4:23:45;28;€ 0,00;NL
20-10-2015;6:18:50;31;€ 0,00;NL
20-10-2015;7:26:56;10.614,00;€ 0,40;NL
20-10-2015;14:07:24;4.583,00;€ 0,17;NL
20-10-2015;15:19:07;1.191,00;€ 0,05;NL
20-10-2015;17:30:20;36;€ 0,00;NL
20-10-2015;18:49:31;19;€ 0,00;NL
20-10-2015;20:00:41;2;€ 0,00;NL
20-10-2015;20:21:26;8;€ 0,00;NL
20-10-2015;21:20:57;42;€ 0,00;NL
20-10-2015;23:09:44;473;€ 0,02;NL
21-10-2015;5:08:45;8;€ 0,00;NL
21-10-2015;6:03:52;8.892,00;€ 0,33;NL
21-10-2015;12:00:24;5.486,00;€ 0,20;NL
21-10-2015;17:57:43;14;€ 0,00;NL
21-10-2015;17:59:51;300;€ 0,01;NL
21-10-2015;20:29:59;3;€ 0,00;NL
21-10-2015;22:10:46;146;€ 0,01;NL
21-10-2015;22:45:32;93;€ 0,00;NL
22-10-2015;3:01:01;26;€ 0,00;NL
22-10-2015;3:57:08;313;€ 0,02;NL
22-10-2015;7:06:37;4.773,00;€ 0,18;NL
22-10-2015;14:27:13;50;€ 0,00;NL
22-10-2015;15:25:38;9.967,00;€ 0,37;NL
22-10-2015;21:21:51;1.502,00;€ 0,06;NL
22-10-2015;22:54:10;1.105,00;€ 0,05;NL
23-10-2015;2:03:17;43;€ 0,00;NL
23-10-2015;5:26:24;8;€ 0,00;NL
23-10-2015;5:57:31;3.838,00;€ 0,15;NL
23-10-2015;11:56:50;13.546,00;€ 0,51;NL
23-10-2015;17:53:51;2.341,00;€ 0,09;NL
23-10-2015;23:51:51;24;€ 0,00;NL
24-10-2015;1:43:59;15;€ 0,00;NL
24-10-2015;2:51:05;8;€ 0,00;NL
24-10-2015;3:32:12;14;€ 0,00;NL
24-10-2015;4:26:19;8;€ 0,00;NL
24-10-2015;4:57:26;8;€ 0,00;NL
24-10-2015;5:28:32;189;€ 0,01;NL
24-10-2015;11:26:50;62;€ 0,00;NL
24-10-2015;12:47:00;14.703,00;€ 0,55;NL
24-10-2015;18:46:01;1.092,00;€ 0,04;NL
24-10-2015;20:15:09;268;€ 0,01;NL
25-10-2015;2:11:51;81;€ 0,00;NL
25-10-2015;4:07:58;8;€ 0,00;NL
25-10-2015;4:39:05;26;€ 0,00;NL
25-10-2015;6:42:11;31;€ 0,00;NL
25-10-2015;8:14:18;871;€ 0,03;NL
25-10-2015;14:12:20;3.859,00;€ 0,15;NL
25-10-2015;20:11:52;78;€ 0,00;NL
25-10-2015;22:42:59;102;€ 0,01;NL
26-10-2015;1:58:06;8;€ 0,00;NL
26-10-2015;2:07:12;270;€ 0,01;NL
26-10-2015;5:27:19;5.740,00;€ 0,22;NL
26-10-2015;11:23:34;242;€ 0,01;NL
26-10-2015;16:56:46;565;€ 0,02;NL
26-10-2015;22:56:52;497;€ 0,02;NL
27-10-2015;4:56:52;24;€ 0,00;NL
27-10-2015;5:32:00;24;€ 0,00;NL
27-10-2015;6:04:06;1.127,00;€ 0,05;NL
27-10-2015;12:04:07;1.388,00;€ 0,05;NL
27-10-2015;16:13:48;38;€ 0,00;NL
27-10-2015;17:12:09;1;€ 0,00;NL
27-10-2015;17:14:31;580;€ 0,02;NL
27-10-2015;18:57:43;250;€ 0,01;NL
28-10-2015;0:56:52;34;€ 0,00;NL
28-10-2015;2:49:58;15;€ 0,00;NL
28-10-2015;4:02:05;57;€ 0,00;NL
28-10-2015;6:28:10;801;€ 0,03;NL
28-10-2015;12:26:52;11;€ 0,00;NL
28-10-2015;13:26:59;1.036,00;€ 0,04;NL
28-10-2015;19:23:36;543;€ 0,02;NL
29-10-2015;1:21:52;97;€ 0,00;NL
29-10-2015;7:21:47;3.164,00;€ 0,12;NL
29-10-2015;13:19:23;2.925,00;€ 0,11;NL
29-10-2015;19:16:51;965;€ 0,04;NL
30-10-2015;9:21:35;1.834,00;€ 0,07;NL
30-10-2015;15:16:51;2.162,00;€ 0,08;NL
30-10-2015;21:14:13;3;€ 0,00;NL
30-10-2015;21:38:10;485;€ 0,02;NL
31-10-2015;3:01:16;15;€ 0,00;NL
31-10-2015;4:13:24;1;€ 0,00;NL
31-10-2015;4:47:30;15;€ 0,00;NL
31-10-2015;5:56:37;16;€ 0,00;NL
31-10-2015;6:32:42;14;€ 0,00;NL
31-10-2015;7:17:49;14;€ 0,00;NL
31-10-2015;8:23:56;1.130,00;€ 0,05;NL
31-10-2015;22:29:01;718;€ 0,03;NL
1-11-2015;2:59:08;14;€ 0,00;NL
1-11-2015;4:10:15;8;€ 0,00;NL
1-11-2015;4:41:22;16;€ 0,00;NL
1-11-2015;6:07:28;76;€ 0,00;NL
1-11-2015;9:05:35;1.962,00;€ 0,07;NL
1-11-2015;13:36:34;1;€ 0,00;NL
1-11-2015;15:00:45;49;€ 0,00;NL
1-11-2015;16:11:11;3;€ 0,00;NL
1-11-2015;16:58:44;1.596,00;€ 0,06;NL
1-11-2015;22:56:53;27;€ 0,00;NL
2-11-2015;0:04:59;15;€ 0,00;NL
2-11-2015;1:08:07;37;€ 0,00;NL
2-11-2015;3:02:14;20;€ 0,00;NL
2-11-2015;0,172453704;8;€ 0,00;NL
2-11-2015;0,194050926;11;€ 0,00;NL
2-11-2015;0,216365741;15;€ 0,00;NL
2-11-2015;0,277511574;3.577,00;€ 0,13;NL
2-11-2015;0,4703125;772;€ 0,03;NL
2-11-2015;0,718101852;823;€ 0,03;NL
3-11-2015;0,303298611;2.256,00;€ 0,09;NL
3-11-2015;0,418229167;1.775,00;€ 0,07;NL
3-11-2015;0,668009259;1.797,00;€ 0,07;NL
3-11-2015;0,917627315;95;€ 0,00;NL
4-11-2015;0,069097222;16;€ 0,00;NL
4-11-2015;0,117789352;30;€ 0,00;NL
4-11-2015;0,196006944;16;€ 0,00;NL
4-11-2015;0,235659722;14;€ 0,00;NL
4-11-2015;0,287835648;15;€ 0,00;NL
4-11-2015;0,318460648;832;€ 0,03;NL
4-11-2015;0,386770833;47;€ 0,00;NL
4-11-2015;0,395613426;1.272,00;€ 0,05;NL
4-11-2015;0,562847222;562;€ 0,02;NL
4-11-2015;0,682465278;38;€ 0,00;NL
4-11-2015;0,688194444;300;€ 0,01;NL
4-11-2015;0,808344907;853;€ 0,03;NL
5-11-2015;0,056863426;15;€ 0,00;NL
5-11-2015;0,10275463;28;€ 0,00;NL
5-11-2015;0,194502315;8;€ 0,00;NL
5-11-2015;0,227905093;15;€ 0,00;NL
5-11-2015;0,270347222;1.041,00;€ 0,04;NL
5-11-2015;0,51869213;437;€ 0,02;NL
5-11-2015;0,6671875;870;€ 0,03;NL
5-11-2015;0,914513889;54;€ 0,00;NL
5-11-2015;0,98056713;14;€ 0,00;NL
6-9-2015;0,036087963;41;€ 0,00;NL
6-9-2015;0,13337963;17;€ 0,00;NL
6-9-2015;0,195960648;18;€ 0,00;NL
6-9-2015;0,262708333;17;€ 0,00;NL
6-9-2015;0,325983796;81;€ 0,00;NL
6-9-2015;0,514247685;43;€ 0,00;NL
6-9-2015;0,595601852;182;€ 0,01;NL
6-9-2015;0,790127315;133;€ 0,01;NL
6-9-2015;0,876331019;242;€ 0,01;NL
7-9-2015;0,083368056;10;€ 0,00;NL
7-9-2015;0,122326389;34;€ 0,00;NL
7-9-2015;0,243935185;31;€ 0,00;NL
7-9-2015;0,327337963;159;€ 0,01;NL
7-9-2015;0,477407407;1.131,00;€ 0,05;NL
7-9-2015;0,725347222;1.472,00;€ 0,06;NL
7-9-2015;0,915069444;417;€ 0,02;NL
8-9-2015;0,117939815;14;€ 0,00;NL
8-9-2015;0,139537037;92;€ 0,00;NL
8-9-2015;0,323645833;83;€ 0,00;NL
8-9-2015;0,470949074;365;€ 0,02;NL
8-9-2015;0,718009259;61;€ 0,00;NL
8-9-2015;0,802962963;12;€ 0,00;NL
8-9-2015;0,806458333;263;€ 0,01;NL
8-9-2015;0,872523148;10;€ 0,00;NL
8-9-2015;0,9059375;331;€ 0,02;NL
9-9-2015;0,019212963;17;€ 0,00;NL
9-9-2015;0,093587963;66;€ 0,00;NL
9-9-2015;0,28119213;907;€ 0,04;NL
9-9-2015;0,530891204;777;€ 0,03;NL
9-9-2015;0,780902778;654;€ 0,03;NL
9-9-2015;0,93375;24;€ 0,00;NL
10-9-2015;0,000497685;9;€ 0,00;NL
10-9-2015;0,042939815;11;€ 0,00;NL
10-9-2015;0,081909722;161;€ 0,01;NL
10-9-2015;0,328703704;202;€ 0,01;NL
10-9-2015;0,577361111;8;€ 0,00;NL
10-9-2015;0,58056713;1;€ 0,00;NL
10-9-2015;0,581168981;67;€ 0,00;NL
10-9-2015;0,646041667;1;€ 0,00;NL
10-9-2015;0,658576389;51;€ 0,00;NL
10-9-2015;0,720335648;2;€ 0,00;NL
10-9-2015;0,730625;37;€ 0,00;NL
10-9-2015;0,76775463;1.684,00;€ 0,06;NL
10-9-2015;0,970289352;8.342,00;€ 0,31;NL
11-9-2015;0,172453704;16;€ 0,00;NL
11-9-2015;0,21974537;26;€ 0,00;NL
11-9-2015;0,304537037;77;€ 0,00;NL
11-9-2015;0,404537037;1.111,00;€ 0,05;NL
11-9-2015;0,571689815;7.693,00;€ 0,29;NL
11-9-2015;0,82181713;45;€ 0,00;NL
11-9-2015;0,916331019;93;€ 0,00;NL
12-9-2015;0,03724537;22;€ 0,00;NL
12-9-2015;0,08037037;17;€ 0,00;NL
12-9-2015;0,131157407;15;€ 0,00;NL
12-9-2015;0,180555556;58;€ 0,00;NL
12-9-2015;0,279247685;47;€ 0,00;NL
12-9-2015;0,370405093;3.855,00;€ 0,15;NL
12-9-2015;0,524131944;18;€ 0,00;NL
12-9-2015;0,547569444;1.474,00;€ 0,06;NL
12-9-2015;0,790277778;1.387,00;€ 0,05;NL
12-9-2015;0,907372685;206;€ 0,01;NL
13-9-2015;0,144247685;41;€ 0,00;NL
13-9-2015;0,254050926;30;€ 0,00;NL
13-9-2015;0,324270833;37;€ 0,00;NL
13-9-2015;0,42087963;3.434,00;€ 0,13;NL
13-9-2015;0,630914352;170;€ 0,01;NL
13-9-2015;0,703958333;775;€ 0,03;NL
13-9-2015;0,786574074;18;€ 0,00;NL
13-9-2015;0,859398148;257;€ 0,01;NL
14-9-2015;0,07337963;13;€ 0,00;NL
14-9-2015;0,115821759;17;€ 0,00;NL
14-9-2015;0,192986111;9;€ 0,00;NL
14-9-2015;0,227094907;15;€ 0,00;NL
14-9-2015;0,270914352;26;€ 0,00;NL
14-9-2015;0,33212963;1.116,00;€ 0,05;NL
14-9-2015;0,575972222;68;€ 0,00;NL
14-9-2015;0,592303241;2.723,00;€ 0,10;NL
14-9-2015;0,839953704;1.659,00;€ 0,06;NL
14-9-2015;0,968935185;74;€ 0,00;NL
15-9-2015;0,148206019;125;€ 0,01;NL
15-9-2015;0,334386574;2.299,00;€ 0,09;NL
15-9-2015;0,584386574;88;€ 0,00;NL
15-9-2015;0,61974537;4.110,00;€ 0,16;NL
15-9-2015;0,866921296;44;€ 0,00;NL
15-9-2015;0,924710648;862;€ 0,03;NL
16-9-2015;0,067152778;32;€ 0,00;NL
16-9-2015;0,142222222;147;€ 0,01;NL
16-9-2015;0,391944444;4.299,00;€ 0,16;NL
16-9-2015;0,639525463;568;€ 0,02;NL
16-9-2015;0,748993056;852;€ 0,03;NL
16-9-2015;0,998865741;62;€ 0,00;NL
17-9-2015;0,141990741;16;€ 0,00;NL
17-9-2015;0,198333333;9;€ 0,00;NL
17-9-2015;0,226203704;16;€ 0,00;NL
17-9-2015;0,280451389;31;€ 0,00;NL
17-9-2015;0,370127315;5.371,00;€ 0,20;NL
17-9-2015;0,49630787;8.492,00;€ 0,32;NL
17-9-2015;0,743344907;1.247,00;€ 0,05;NL
17-9-2015;0,992974537;170;€ 0,01;NL
18-9-2015;0,248981481;8;€ 0,00;NL
18-9-2015;0,271284722;30;€ 0,00;NL
18-9-2015;0,344502315;18;€ 0,00;NL
18-9-2015;0,348159722;1;€ 0,00;NL
18-9-2015;0,370462963;7.253,00;€ 0,27;NL
18-9-2015;0,4415625;1.896,00;€ 0,07;NL
18-9-2015;0,49818287;2.482,00;€ 0,09;NL
18-9-2015;0,650231481;3.360,00;€ 0,13;NL
18-9-2015;0,7978125;5.415,00;€ 0,20;NL
19-9-2015;0,047847222;80;€ 0,00;NL
19-9-2015;0,194456019;9;€ 0,00;NL
19-9-2015;0,226481481;7;€ 0,00;NL
19-9-2015;0,248090278;16;€ 0,00;NL
19-9-2015;0,305798611;2;€ 0,00;NL
19-9-2015;0,330185185;24;€ 0,00;NL
19-9-2015;0,3684375;632;€ 0,03;NL
19-9-2015;0,449918981;5.204,00;€ 0,20;NL
19-9-2015;0,612916667;1.377,00;€ 0,05;NL
19-9-2015;0,861747685;220;€ 0,01;NL
20-9-2015;0,110462963;15;€ 0,00;NL
20-9-2015;0,152210648;30;€ 0,00;NL
20-9-2015;0,224513889;17;€ 0,00;NL
20-9-2015;0,274606481;8;€ 0,00;NL
20-9-2015;0,296215278;62;€ 0,00;NL
20-9-2015;0,484490741;190;€ 0,01;NL
20-9-2015;0,73349537;290;€ 0,01;NL
20-9-2015;0,983368056;26;€ 0,00;NL
21-9-2015;0,038333333;16;€ 0,00;NL
21-9-2015;0,086331019;49;€ 0,00;NL
21-9-2015;0,202384259;8;€ 0,00;NL
21-9-2015;0,223993056;9;€ 0,00;NL
21-9-2015;0,245601852;26;€ 0,00;NL
21-9-2015;0,290127315;77;€ 0,00;NL
21-9-2015;0,451550926;3;€ 0,00;NL
21-9-2015;0,478715278;46;€ 0,00;NL
21-9-2015;0,537962963;16;€ 0,00;NL
21-9-2015;0,555497685;1;€ 0,00;NL
21-9-2015;0,570046296;8.961,00;€ 0,33;NL
22-9-2015;0,105983796;24;€ 0,00;NL
22-9-2015;0,154675926;9;€ 0,00;NL
22-9-2015;0,176284722;15;€ 0,00;NL
22-9-2015;0,20275463;26;€ 0,00;NL
22-9-2015;0,251446759;19;€ 0,00;NL
22-9-2015;0,300833333;124;€ 0,01;NL
22-9-2015;0,548391204;90;€ 0,00;NL
22-9-2015;0,624085648;119;€ 0,01;NL
22-9-2015;0,724409722;2;€ 0,00;NL
22-9-2015;0,759166667;443;€ 0,02;NL
23-9-2015;0,006597222;24;€ 0,00;NL
23-9-2015;0,048344907;40;€ 0,00;NL
23-9-2015;0,156064815;55;€ 0,00;NL
23-9-2015;0,271423611;16;€ 0,00;NL
23-9-2015;0,307615741;176;€ 0,01;NL
23-9-2015;0,554837963;8.577,00;€ 0,32;NL
23-9-2015;0,804409722;90;€ 0,00;NL
23-9-2015;0,917777778;2.690,00;€ 0,10;NL
23-9-2015;0,976689815;115;€ 0,01;NL
24-9-2015;0,165659722;61;€ 0,00;NL
24-9-2015;0,301851852;84;€ 0,00;NL
24-9-2015;0,493541667;750;€ 0,03;NL
24-9-2015;0,619490741;75;€ 0,00;NL
24-9-2015;0,703391204;1.182,00;€ 0,05;NL
24-9-2015;0,735046296;5.193,00;€ 0,19;NL
24-9-2015;0,967743056;3.083,00;€ 0,12;NL
25-9-2015;0,216273148;65;€ 0,00;NL
25-9-2015;0,347592593;46;€ 0,00;NL
25-9-2015;0,418634259;1.474,00;€ 0,06;NL
25-9-2015;0,509270833;436;€ 0,02;NL
25-9-2015;0,756793981;132;€ 0,01;NL
25-9-2015;0,797384259;578;€ 0,02;NL
26-9-2015;0,047488426;118;€ 0,01;NL
26-9-2015;0,294456019;89;€ 0,00;NL
26-9-2015;0,381990741;8.309,00;€ 0,31;NL
26-9-2015;0,631319444;845;€ 0,03;NL
26-9-2015;0,776655093;33;€ 0,00;NL
26-9-2015;0,807974537;199;€ 0,01;NL
26-9-2015;0,868587963;637;€ 0,03;NL
27-9-2015;0,09505787;19;€ 0,00;NL
27-9-2015;0,147233796;27;€ 0,00;NL
27-9-2015;0,217453704;16;€ 0,00;NL
27-9-2015;0,271087963;15;€ 0,00;NL
27-9-2015;0,323240741;538;€ 0,02;NL
27-9-2015;0,531655093;26;€ 0,00;NL
27-9-2015;0,553923611;2;€ 0,00;NL
27-9-2015;0,561724537;1.595,00;€ 0,06;NL
27-9-2015;0,809398148;121;€ 0,01;NL
27-9-2015;0,832048611;2;€ 0,00;NL
27-9-2015;0,893043981;807;€ 0,03;NL
28-9-2015;0,084814815;63;€ 0,00;NL
28-9-2015;0,113344907;18;€ 0,00;NL
28-9-2015;0,178715278;14;€ 0,00;NL
28-9-2015;0,210046296;14;€ 0,00;NL
28-9-2015;0,241365741;15;€ 0,00;NL
28-9-2015;0,297696759;14;€ 0,00;NL
28-9-2015;0,329039352;14;€ 0,00;NL
28-9-2015;0,353414352;508;€ 0,02;NL
28-9-2015;0,458310185;1.166,00;€ 0,05;NL
28-9-2015;0,707662037;1.030,00;€ 0,04;NL
28-9-2015;0,957222222;118;€ 0,01;NL
28-9-2015;0,990081019;241;€ 0,01;NL
29-9-2015;0,147800926;142;€ 0,01;NL
29-9-2015;0,395486111;1.263,00;€ 0,05;NL
29-9-2015;0,643900463;77;€ 0,00;NL
29-9-2015;0,736701389;2.733,00;€ 0,10;NL
29-9-2015;0,984988426;73;€ 0,00;NL
30-9-2015;0,094097222;24;€ 0,00;NL
30-9-2015;0,159456019;7;€ 0,00;NL
30-9-2015;0,181053241;330;€ 0,02;NL
30-9-2015;0,288796296;6.354,00;€ 0,24;NL
30-9-2015;0,407025463;63;€ 0,00;NL
30-9-2015;0,511689815;2.429,00;€ 0,09;NL
30-9-2015;0,759872685;161;€ 0,01;NL
30-9-2015;0,993981481;36;€ 0,00;NL
1-10-2015;0,057256944;14;€ 0,00;NL
1-10-2015;0,079756944;226;€ 0,01;NL
1-10-2015;0,147199074;339;€ 0,02;NL
1-10-2015;0,316030093;1.240,00;€ 0,05;NL
1-10-2015;0,428090278;55;€ 0,00;NL
1-10-2015;0,457141204;496;€ 0,02;NL
1-10-2015;0,70494213;377;€ 0,02;NL
1-10-2015;0,74818287;807;€ 0,03;NL
1-10-2015;0,787569444;1.203,00;€ 0,05;NL
2-10-2015;0,034664352;95;€ 0,00;NL
2-10-2015;0,152094907;7;€ 0,00;NL
2-10-2015;0,173715278;31;€ 0,00;NL
2-10-2015;0,255034722;712;€ 0,03;NL
2-10-2015;0,503831019;1.207,00;€ 0,05;NL
2-10-2015;0,723263889;318;€ 0,02;NL
2-10-2015;0,972881944;247;€ 0,01;NL
3-10-2015;0,125740741;32;€ 0,00;NL
3-10-2015;0,209837963;32;€ 0,00;NL
3-10-2015;0,291180556;200;€ 0,01;NL
3-10-2015;0,39849537;811;€ 0,03;NL
3-10-2015;0,440162037;6.170,00;€ 0,23;NL
4-10-2015;0,475532407;253;€ 0,01;NL
4-10-2015;0,723101852;712;€ 0,03;NL
4-10-2015;0,85662037;32;€ 0,00;NL
4-10-2015;0,87712963;412;€ 0,02;NL
5-10-2015;0,107071759;32;€ 0,00;NL
5-10-2015;0,215474537;15;€ 0,00;NL
5-10-2015;0,277361111;844;€ 0,03;NL
5-10-2015;0,505775463;7;€ 0,00;NL
5-10-2015;0,510497685;975;€ 0,04;NL
5-10-2015;0,757349537;162;€ 0,01;NL
17-8-2015;0,812893519;152;€ 0,01;NL
18-8-2015;0,295659722;1.378,00;€ 0,05;NL
18-8-2015;0,481886574;111;€ 0,01;NL
18-8-2015;0,558171296;266;€ 0,01;NL
18-8-2015;0,798634259;177;€ 0,01;NL
19-8-2015;0,320625;270;€ 0,01;NL
19-8-2015;0,502534722;80;€ 0,00;NL
19-8-2015;0,529490741;14;€ 0,00;NL
19-8-2015;0,551145833;6;€ 0,00;NL
19-8-2015;0,552835648;4;€ 0,00;NL
19-8-2015;0,556493056;1;€ 0,00;NL
19-8-2015;0,558287037;192;€ 0,01;NL
19-8-2015;0,65587963;23;€ 0,00;NL
19-8-2015;0,678900463;1;€ 0,00;NL
19-8-2015;0,730034722;248;€ 0,01;NL
19-8-2015;0,786041667;34;€ 0,00;NL
19-8-2015;0,854872685;1;€ 0,00;NL
19-8-2015;0,886018519;249;€ 0,01;NL
20-8-2015;0,313715278;105;€ 0,01;NL
20-8-2015;0,403171296;2;€ 0,00;NL
20-8-2015;0,421087963;33;€ 0,00;NL
20-8-2015;0,443009259;80;€ 0,00;NL
20-8-2015;0,488368056;4;€ 0,00;NL
20-8-2015;0,4903125;1;€ 0,00;NL
20-8-2015;0,506967593;34;€ 0,00;NL
20-8-2015;0,523414352;32;€ 0,00;NL
20-8-2015;0,534039352;28;€ 0,00;NL
20-8-2015;0,627511574;4;€ 0,00;NL
20-8-2015;0,718321759;308;€ 0,02;NL
20-8-2015;0,786215278;133;€ 0,01;NL
20-8-2015;0,953275463;5;€ 0,00;NL
21-8-2015;0,296238426;688;€ 0,03;NL
21-8-2015;0,543819444;175;€ 0,01;NL
21-8-2015;0,626469907;29;€ 0,00;NL
21-8-2015;0,643645833;73;€ 0,00;NL
21-8-2015;0,683993056;8.590,00;€ 0,32;NL
21-8-2015;0,791342593;549;€ 0,02;NL
22-8-2015;0,337523148;159;€ 0,01;NL
22-8-2015;0,587615741;2.072,00;€ 0,08;NL
22-8-2015;0,837094907;215;€ 0,01;NL
22-8-2015;0,856111111;351;€ 0,02;NL
22-8-2015;0,948587963;152;€ 0,01;NL
23-8-2015;0,063252315;15;€ 0,00;NL
23-8-2015;0,190416667;10;€ 0,00;NL
23-8-2015;0,227222222;10;€ 0,00;NL
23-8-2015;0,262025463;11;€ 0,00;NL
23-8-2015;0,31349537;10;€ 0,00;NL
23-8-2015;0,362881944;10;€ 0,00;NL
23-8-2015;0,39837963;11;€ 0,00;NL
23-8-2015;0,445011574;12;€ 0,00;NL
23-8-2015;0,468715278;9;€ 0,00;NL
23-8-2015;0,498668981;1;€ 0,00;NL
23-8-2015;0,520277778;557;€ 0,02;NL
23-8-2015;0,769386574;209;€ 0,01;NL
24-8-2015;0,300798611;1.316,00;€ 0,05;NL
24-8-2015;0,549837963;1.589,00;€ 0,06;NL
24-8-2015;0,64181713;20;€ 0,00;NL
24-8-2015;0,675636574;10;€ 0,00;NL
24-8-2015;0,685335648;720;€ 0,03;NL
24-8-2015;0,853414352;156;€ 0,01;NL
24-8-2015;0,880115741;111;€ 0,01;NL
25-8-2015;0,127905093;118;€ 0,01;NL
25-8-2015;0,325613426;653;€ 0,03;NL
25-8-2015;0,396469907;810;€ 0,00;NL
25-8-2015;0,646655093;13.815,00;€ 0,05;NL
25-8-2015;0,758194444;4.239,00;€ 0,02;NL
25-8-2015;0,858831019;1;€ 0,00;NL
25-8-2015;0,866956019;134;€ 0,00;NL
25-8-2015;0,912881944;299;€ 0,00;NL
26-8-2015;0,108796296;30;€ 0,00;NL
26-8-2015;0,17693287;107;€ 0,00;NL
26-8-2015;0,424293981;71;€ 0,00;NL
26-8-2015;0,555347222;1;€ 0,00;NL
26-8-2015;0,577164352;66;€ 0,00;NL
26-8-2015;0,715231481;497;€ 0,02;NL
26-8-2015;0,964583333;76;€ 0,00;NL
27-8-2015;0,131331019;10;€ 0,00;NL
27-8-2015;0,168912037;8;€ 0,00;NL
27-8-2015;0,210671296;16;€ 0,00;NL
27-8-2015;0,272546296;21;€ 0,00;NL
27-8-2015;0,313425926;921;€ 0,04;NL
27-8-2015;0,562094907;351;€ 0,02;NL
27-8-2015;0,696655093;8.130,00;€ 0,30;NL
27-8-2015;0,946909722;51;€ 0,00;NL
28-8-2015;0,107407407;11;€ 0,00;NL
28-8-2015;0,147766204;55;€ 0,00;NL
28-8-2015;0,245763889;3.871,00;€ 0,15;NL
28-8-2015;0,493020833;96;€ 0,00;NL
28-8-2015;0,503483796;19;€ 0,00;NL
28-8-2015;0,507152778;67;€ 0,00;NL
28-8-2015;0,545787037;64;€ 0,00;NL
28-8-2015;0,600300926;845;€ 0,03;NL
28-8-2015;0,806747685;440;€ 0,02;NL
29-8-2015;0,0546875;75;€ 0,00;NL
29-8-2015;0,174212963;16;€ 0,00;NL
29-8-2015;0,218935185;17;€ 0,00;NL
29-8-2015;0,267418981;65;€ 0,00;NL
29-8-2015;0,364710648;8;€ 0,00;NL
29-8-2015;0,387696759;23;€ 0,00;NL
29-8-2015;0,421886574;9;€ 0,00;NL
29-8-2015;0,425810185;15;€ 0,00;NL
29-8-2015;0,44412037;36.554,00;€ 1,36;NL
29-8-2015;0,64162037;3.404,00;€ 0,13;NL
29-8-2015;0,708842593;3.074,00;€ 0,12;NL
29-8-2015;0,908819444;115;€ 0,01;NL
30-8-2015;0,015520833;171;€ 0,01;NL
30-8-2015;0,262349537;9;€ 0,00;NL
30-8-2015;0,298171296;28;€ 0,00;NL
30-8-2015;0,366678241;138;€ 0,01;NL
30-8-2015;0,6134375;8.542,00;€ 0,32;NL
30-8-2015;0,862291667;701;€ 0,03;NL
30-8-2015;0,992928241;19;€ 0,00;NL
31-8-2015;0,044409722;9;€ 0,00;NL
31-8-2015;0,07287037;44;€ 0,00;NL
31-8-2015;0,234155093;74;€ 0,00;NL
31-8-2015;0,376597222;59;€ 0,00;NL
31-8-2015;0,517650463;2.865,00;€ 0,11;NL
31-8-2015;0,767048611;145;€ 0,01;NL
31-8-2015;0,776782407;10;€ 0,00;NL
31-8-2015;0,783148148;738;€ 0,03;NL
1-9-2015;0,030300926;11;€ 0,00;NL
1-9-2015;0,0734375;105;€ 0,01;NL
1-9-2015;0,281840278;12;€ 0,00;NL
1-9-2015;0,329861111;729;€ 0,03;NL
1-9-2015;0,420428241;59;€ 0,00;NL
1-9-2015;0,471087963;1.086,00;€ 0,04;NL
1-9-2015;0,719560185;581;€ 0,02;NL
1-9-2015;0,967581019;43;€ 0,00;NL
2-9-2015;0,09681713;18;€ 0,00;NL
2-9-2015;0,167048611;17;€ 0,00;NL
2-9-2015;0,240729167;1;€ 0,00;NL
2-9-2015;0,276215278;9;€ 0,00;NL
2-9-2015;0,301990741;1;€ 0,00;NL
2-9-2015;0,323576389;78;€ 0,00;NL
2-9-2015;0,470196759;2;€ 0,00;NL
2-9-2015;0,492488426;642;€ 0,03;NL
2-9-2015;0,741851852;287;€ 0,01;NL
2-9-2015;0,96681713;30;€ 0,00;NL
3-9-2015;0,021064815;34;€ 0,00;NL
3-9-2015;0,136423611;16;€ 0,00;NL
3-9-2015;0,19693287;35;€ 0,00;NL
3-9-2015;0,281030093;308;€ 0,02;NL
3-9-2015;0,374976852;565;€ 0,02;NL
3-9-2015;0,622233796;2.517,00;€ 0,10;NL
3-9-2015;0,869293981;88;€ 0,00;NL
4-9-2015;0,101319444;16;€ 0,00;NL
4-9-2015;0,149305556;75;€ 0,00;NL
4-9-2015;0,270219907;30;€ 0,00;NL
4-9-2015;0,325185185;14;€ 0,00;NL
4-9-2015;0,384988426;373;€ 0,02;NL
4-9-2015;0,631689815;1.336,00;€ 0,05;NL
4-9-2015;0,885081019;530;€ 0,02;NL
5-9-2015;0,135150463;992;€ 0,04;NL
5-9-2015;0,384502315;77;€ 0,00;NL
5-9-2015;0,42068287;6.311,00;€ 0,24;NL
5-9-2015;0,581886574;36;€ 0,00;NL
5-9-2015;0,664861111;10;€ 0,00;NL
5-9-2015;0,689247685;441;€ 0,02;NL
5-9-2015;0,865717593;31;€ 0,00;NL
5-9-2015;0,94287037;9;€ 0,00;NL
5-9-2015;0,96724537;23;€ 0,00;NL
6-7-2015;0,025104167;50;€ 0,00;NL
6-7-2015;0,191284722;30;€ 0,00;NL
6-7-2015;0,284409722;18;€ 0,00;NL
6-7-2015;0,328935185;1.441,00;€ 0,06;NL
6-7-2015;0,575717593;1.028,00;€ 0,04;NL
6-7-2015;0,816655093;1.019,00;€ 0,04;NL
7-7-2015;0,070601852;9;€ 0,00;NL
7-7-2015;0,107488426;18;€ 0,00;NL
7-7-2015;0,17005787;9;€ 0,00;NL
7-7-2015;0,212488426;15;€ 0,00;NL
7-7-2015;0,256261574;1.120,00;€ 0,05;NL
7-7-2015;0,512615741;11.835,00;€ 0,44;NL
7-7-2015;0,846412037;63;€ 0,00;NL
7-7-2015;0,908402778;175;€ 0,01;NL
8-7-2015;0,396388889;1.089,00;€ 0,04;NL
8-7-2015;0,636724537;611;€ 0,03;NL
8-7-2015;0,884143519;212;€ 0,01;NL
9-7-2015;0,036701389;16;€ 0,00;NL
9-7-2015;0,094733796;17;€ 0,00;NL
9-7-2015;0,134016204;77;€ 0,00;NL
9-7-2015;0,260162037;11;€ 0,00;NL
9-7-2015;0,297048611;89;€ 0,00;NL
9-7-2015;0,869421296;771;€ 0,03;NL
9-7-2015;0,990335648;25;€ 0,00;NL
10-7-2015;0,045960648;122;€ 0,01;NL
10-7-2015;0,293877315;783;€ 0,03;NL
10-7-2015;0,543888889;1.502,00;€ 0,06;NL
10-7-2015;0,792523148;1.687,00;€ 0,06;NL
11-7-2015;0,041863426;24;€ 0,00;NL
11-7-2015;0,087743056;31;€ 0,00;NL
11-7-2015;0,183703704;26;€ 0,00;NL
11-7-2015;0,269189815;10;€ 0,00;NL
11-7-2015;0,294270833;175;€ 0,01;NL
11-7-2015;0,613796296;7.641,00;€ 0,29;NL
11-7-2015;0,863310185;672;€ 0,03;NL
12-7-2015;0,103703704;24;€ 0,00;NL
12-7-2015;0,1578125;21;€ 0,00;NL
12-7-2015;0,205821759;22;€ 0,00;NL
12-7-2015;0,257974537;108;€ 0,01;NL
12-7-2015;0,507835648;510;€ 0,02;NL
12-7-2015;0,757164352;59;€ 0,00;NL
12-7-2015;0,829652778;373;€ 0,02;NL
13-7-2015;0,077222222;18;€ 0,00;NL
13-7-2015;0,149097222;489;€ 0,02;NL
13-7-2015;0,408599537;1.407,00;€ 0,06;NL
13-7-2015;0,656863426;9.475,00;€ 0,35;NL
13-7-2015;0,893101852;2.895,00;€ 0,11;NL
14-7-2015;0,151354167;19;€ 0,00;NL
14-7-2015;0,231979167;18;€ 0,00;NL
14-7-2015;0,285208333;10;€ 0,00;NL
14-7-2015;0,325219907;2.681,00;€ 0,10;NL
14-7-2015;0,563680556;4.145,00;€ 0,16;NL
14-7-2015;0,810625;130;€ 0,01;NL
15-7-2015;0,046041667;20;€ 0,00;NL
15-7-2015;0,097430556;18;€ 0,00;NL
15-7-2015;0,174641204;17;€ 0,00;NL
15-7-2015;0,237222222;860;€ 0,03;NL
15-7-2015;0,47318287;18.216,00;€ 0,68;NL
15-7-2015;0,72005787;1.494,00;€ 0,06;NL
15-7-2015;0,789918981;1.488,00;€ 0,06;NL
6-6-2015;0,000798611;78;€ 0,00;NL
6-6-2015;0,228958333;20;€ 0,00;NL
6-6-2015;0,285520833;10;€ 0,00;NL
6-6-2015;0,336064815;36;€ 0,00;NL
6-6-2015;0,404618056;264;€ 0,01;NL
6-6-2015;0,522048611;161;€ 0,01;NL
6-6-2015;0,768796296;360;€ 0,02;NL
6-6-2015;0,828055556;138;€ 0,01;NL
6-6-2015;0,93150463;132;€ 0,01;NL
7-6-2015;0,139224537;10;€ 0,00;NL
7-6-2015;0,189212963;8;€ 0,00;NL
7-6-2015;0,220543981;36;€ 0,00;NL
7-6-2015;0,339375;142;€ 0,01;NL
7-6-2015;0,588761574;53;€ 0,00;NL
7-6-2015;0,706886574;148;€ 0,01;NL
7-6-2015;0,970277778;37;€ 0,00;NL
8-6-2015;0,080081019;40;€ 0,00;NL
8-6-2015;0,234965278;9;€ 0,00;NL
8-6-2015;0,277372685;14;€ 0,00;NL
8-6-2015;0,336597222;410;€ 0,02;NL
8-6-2015;0,368148148;325;€ 0,02;NL
8-6-2015;0,518125;2;€ 0,00;NL
8-6-2015;0,551111111;64;€ 0,00;NL
8-6-2015;0,551446759;15;€ 0,00;NL
8-6-2015;0,551712963;9;€ 0,00;NL
8-6-2015;0,551990741;675;€ 0,03;NL
8-6-2015;0,778506944;153;€ 0,01;NL
9-6-2015;0,028587963;1;€ 0,00;NL
9-6-2015;0,050208333;21;€ 0,00;NL
9-6-2015;0,091979167;19;€ 0,00;NL
9-6-2015;0,164270833;19;€ 0,00;NL
9-6-2015;0,243518519;341;€ 0,02;NL
9-6-2015;0,474953704;54;€ 0,00;NL
9-6-2015;0,481539352;201;€ 0,01;NL
9-6-2015;0,527384259;480;€ 0,02;NL
9-6-2015;0,708541667;3.930,00;€ 0,15;NL
9-6-2015;0,946041667;8;€ 0,00;NL
9-6-2015;0,946238426;10;€ 0,00;NL
9-6-2015;0,947349537;49;€ 0,00;NL
10-6-2015;0,058530093;31;€ 0,00;NL
10-6-2015;0,16693287;9;€ 0,00;NL
10-6-2015;0,209375;26;€ 0,00;NL
10-6-2015;0,300243056;605;€ 0,03;NL
10-6-2015;0,531377315;1.372,00;€ 0,05;NL
10-6-2015;0,568148148;20;€ 0,00;NL
10-6-2015;0,584710648;382;€ 0,02;NL
10-6-2015;0,749988426;451;€ 0,02;NL
11-6-2015;0,01599537;92;€ 0,00;NL
11-6-2015;0,26537037;4.360,00;€ 0,16;NL
11-6-2015;0,513009259;8.465,00;€ 0,32;NL
11-6-2015;0,761909722;8.103,00;€ 0,30;NL
11-6-2015;0,991226852;110;€ 0,01;NL
12-6-2015;0,238622685;746;€ 0,03;NL
12-6-2015;0,487997685;571;€ 0,02;NL
12-6-2015;0,690833333;104;€ 0,01;NL
12-6-2015;0,716423611;319;€ 0,02;NL
12-6-2015;0,75005787;565;€ 0,02;NL
12-6-2015;0,959861111;180;€ 0,01;NL
13-6-2015;0,088414352;17;€ 0,00;NL
13-6-2015;0,151678241;10;€ 0,00;NL
13-6-2015;0,188564815;10;€ 0,00;NL
13-6-2015;0,225451389;30;€ 0,00;NL
13-6-2015;0,295659722;22;€ 0,00;NL
13-6-2015;0,362407407;8;€ 0,00;NL
13-6-2015;0,386087963;59;€ 0,00;NL
13-6-2015;0,525775463;241;€ 0,01;NL
13-6-2015;0,689050926;404;€ 0,02;NL
13-6-2015;0,899907407;78;€ 0,00;NL
14-6-2015;0,047199074;56;€ 0,00;NL
14-6-2015;0,252152778;24;€ 0,00;NL
14-6-2015;0,306388889;342;€ 0,02;NL
14-6-2015;0,554097222;586;€ 0,02;NL
14-6-2015;0,80119213;256;€ 0,01;NL
14-6-2015;0,985983796;27;€ 0,00;NL
15-6-2015;0,04787037;11;€ 0,00;NL
15-6-2015;0,09900463;1;€ 0,00;NL
15-6-2015;0,120601852;8;€ 0,00;NL
15-6-2015;0,151921296;9;€ 0,00;NL
15-6-2015;0,193680556;9;€ 0,00;NL
15-6-2015;0,235439815;784;€ 0,03;NL
15-6-2015;0,484699074;533;€ 0,02;NL
15-6-2015;0,731770833;1.955,00;€ 0,07;NL
15-6-2015;0,823518519;39;€ 0,00;NL
15-6-2015;0,841006944;77;€ 0,00;NL
15-6-2015;0,969537037;25;€ 0,00;NL
16-6-2015;0,032118056;17;€ 0,00;NL
16-6-2015;0,095393519;34;€ 0,00;NL
16-6-2015;0,176712963;17;€ 0,00;NL
16-6-2015;0,239282407;693;€ 0,03;NL
16-6-2015;0,488738426;656;€ 0,03;NL
16-6-2015;0,738668981;3.900,00;€ 0,15;NL
16-6-2015;0,935856481;174;€ 0,01;NL
17-6-2015;0,166342593;457;€ 0,02;NL
17-6-2015;0,432615741;1.693,00;€ 0,06;NL
17-6-2015;0,682662037;1;€ 0,00;NL
17-6-2015;0,709895833;33;€ 0,00;NL
17-6-2015;0,761909722;316;€ 0,02;NL
17-6-2015;0,989340278;18;€ 0,00;NL
18-6-2015;0,075960648;28;€ 0,00;NL
18-6-2015;0,153321759;48;€ 0,00;NL
18-6-2015;0,321979167;765;€ 0,03;NL
18-6-2015;0,571655093;220;€ 0,01;NL
18-6-2015;0,707372685;1.056,00;€ 0,04;NL
18-6-2015;0,956226852;33;€ 0,00;NL
19-6-2015;0,059803241;45;€ 0,00;NL
19-6-2015;0,154652778;46;€ 0,00;NL
19-6-2015;0,329398148;72;€ 0,00;NL
19-6-2015;0,490578704;97;€ 0,00;NL
19-6-2015;0,662893519;682;€ 0,03;NL
19-6-2015;0,668449074;12;€ 0,00;NL
19-6-2015;0,681053241;9;€ 0,00;NL
19-6-2015;0,885347222;1;€ 0,00;NL
19-6-2015;0,907164352;146;€ 0,01;NL
20-6-2015;0,016145833;16;€ 0,00;NL
20-6-2015;0,089803241;17;€ 0,00;NL
20-6-2015;0,169201389;18;€ 0,00;NL
20-6-2015;0,231770833;41;€ 0,00;NL
20-6-2015;0,339479167;1.255,00;€ 0,05;NL
20-6-2015;0,567326389;2.748,00;€ 0,10;NL
20-6-2015;0,795486111;1;€ 0,00;NL
20-6-2015;0,812326389;9;€ 0,00;NL
20-6-2015;0,819803241;447;€ 0,02;NL
21-6-2015;0,06755787;34;€ 0,00;NL
21-6-2015;0,146782407;9;€ 0,00;NL
21-6-2015;0,207997685;10;€ 0,00;NL
21-6-2015;0,247650463;10;€ 0,00;NL
21-6-2015;0,267071759;25;€ 0,00;NL
21-6-2015;0,351273148;1;€ 0,00;NL
21-6-2015;0,37287037;47;€ 0,00;NL
21-6-2015;0,490324074;384;€ 0,02;NL
21-6-2015;0,737777778;209;€ 0,01;NL
21-6-2015;0,984803241;38;€ 0,00;NL
22-6-2015;0,10224537;29;€ 0,00;NL
22-6-2015;0,17037037;21;€ 0,00;NL
22-6-2015;0,247523148;37;€ 0,00;NL
22-6-2015;0,316423611;715;€ 0,03;NL
22-6-2015;0,585347222;597;€ 0,02;NL
22-6-2015;0,854108796;45;€ 0,00;NL
22-6-2015;0,952094907;33;€ 0,00;NL
23-6-2015;0,057025463;1;€ 0,00;NL
23-6-2015;0,087650463;9;€ 0,00;NL
23-6-2015;0,106099537;10;€ 0,00;NL
23-6-2015;0,168344907;26;€ 0,00;NL
23-6-2015;0,251759259;658;€ 0,03;NL
23-6-2015;0,499212963;3.238,00;€ 0,12;NL
23-6-2015;0,726041667;230;€ 0,01;NL
23-6-2015;0,973865741;1;€ 0,00;NL
23-6-2015;0,978657407;90;€ 0,00;NL
24-6-2015;0,14068287;10;€ 0,00;NL
24-6-2015;0,168541667;22;€ 0,00;NL
24-6-2015;0,22;22;€ 0,00;NL
24-6-2015;0,26869213;4.298,00;€ 0,16;NL
24-6-2015;0,515509259;2.221,00;€ 0,09;NL
24-6-2015;0,765138889;318;€ 0,02;NL
24-6-2015;0,991493056;37;€ 0,00;NL
25-6-2015;0,071388889;22;€ 0,00;NL
25-6-2015;0,124085648;9;€ 0,00;NL
25-6-2015;0,167916667;11;€ 0,00;NL
25-6-2015;0,231180556;22;€ 0,00;NL
25-6-2015;0,285462963;588;€ 0,02;NL
25-6-2015;0,533402778;174;€ 0,01;NL
25-6-2015;0,782708333;140;€ 0,01;NL
26-6-2015;0,002233796;25;€ 0,00;NL
26-6-2015;0,059259259;57;€ 0,00;NL
26-6-2015;0,16974537;23;€ 0,00;NL
26-6-2015;0,230949074;727;€ 0,03;NL
26-6-2015;0,453622685;559;€ 0,02;NL
26-6-2015;0,70369213;32;€ 0,00;NL
26-6-2015;0,757951389;17;€ 0,00;NL
26-6-2015;0,767743056;184;€ 0,01;NL
27-6-2015;0,016111111;54;€ 0,00;NL
27-6-2015;0,175914352;9;€ 0,00;NL
27-6-2015;0,217662037;19;€ 0,00;NL
27-6-2015;0,294814815;113;€ 0,01;NL
27-6-2015;0,514351852;19;€ 0,00;NL
27-6-2015;0,52869213;1.004,00;€ 0,04;NL
27-6-2015;0,773993056;464;€ 0,02;NL
27-6-2015;0,913599537;114;€ 0,01;NL
28-6-2015;0,133819444;9;€ 0,00;NL
28-6-2015;0,167916667;16;€ 0,00;NL
28-6-2015;0,211053241;18;€ 0,00;NL
28-6-2015;0,293078704;543;€ 0,02;NL
28-6-2015;0,540451389;1.101,00;€ 0,05;NL
28-6-2015;0,784837963;144;€ 0,01;NL
28-6-2015;0,918009259;317;€ 0,02;NL
29-6-2015;0,0840625;9;€ 0,00;NL
29-6-2015;0,125810185;17;€ 0,00;NL
29-6-2015;0,168275463;18;€ 0,00;NL
29-6-2015;0,243368056;511;€ 0,02;NL
29-6-2015;0,43724537;489;€ 0,02;NL
29-6-2015;0,686238426;32;€ 0,00;NL
29-6-2015;0,761631944;140;€ 0,01;NL
30-6-2015;0,010578704;23;€ 0,00;NL
30-6-2015;0,094675926;50;€ 0,00;NL
30-6-2015;0,1859375;45;€ 0,00;NL
30-6-2015;0,278877315;131;€ 0,01;NL
30-6-2015;0,438136574;12.795,00;€ 0,48;NL
30-6-2015;0,710856481;721;€ 0,03;NL
30-6-2015;0,960335648;8;€ 0,00;NL
30-6-2015;0,977905093;116;€ 0,01;NL
1-7-2015;0,166168981;31;€ 0,00;NL
1-7-2015;0,258599537;10;€ 0,00;NL
1-7-2015;0,281944444;31;€ 0,00;NL
1-7-2015;0,363252315;6;€ 0,00;NL
1-7-2015;0,3671875;595;€ 0,02;NL
1-7-2015;0,616851852;627;€ 0,03;NL
1-7-2015;0,86474537;764;€ 0,03;NL
2-7-2015;0,111574074;74;€ 0,00;NL
2-7-2015;0,283877315;11;€ 0,00;NL
2-7-2015;0,313136574;1.131,00;€ 0,05;NL
2-7-2015;0,436550926;1.965,00;€ 0,07;NL
2-7-2015;0,686238426;822;€ 0,03;NL
2-7-2015;0,789826389;1.884,00;€ 0,07;NL
2-7-2015;0,961134259;445;€ 0,02;NL
3-7-2015;0,211041667;946;€ 0,04;NL
3-7-2015;0,460613426;17.891,00;€ 0,66;NL
3-7-2015;0,705775463;719;€ 0,03;NL
3-7-2015;0,960277778;793;€ 0,03;NL
4-7-2015;0,208541667;27;€ 0,00;NL
4-7-2015;0,286516204;2.491,00;€ 0,09;NL
4-7-2015;0,540486111;9;€ 0,00;NL
4-7-2015;0,553726852;1.084,00;€ 0,04;NL
4-7-2015;0,807326389;2.026,00;€ 0,08;NL
5-7-2015;0,054016204;37;€ 0,00;NL
5-7-2015;0,191585648;9;€ 0,00;NL
5-7-2015;0,233333333;26;€ 0,00;NL
5-7-2015;0,284131944;415;€ 0,02;NL
5-7-2015;0,533402778;3.129,00;€ 0,12;NL
5-7-2015;0,783009259;1.543,00;€ 0,06;NL
6-5-2015;0,347708333;11;€ 0,00;NL
6-5-2015;0,386921296;1.776,00;€ 0,07;NL
6-5-2015;0,636273148;241;€ 0,01;NL
6-5-2015;0,705150463;8;€ 0,00;NL
6-5-2015;0,7078125;380;€ 0,02;NL
6-5-2015;0,967453704;48;€ 0,00;NL
7-5-2015;0,093935185;1;€ 0,00;NL
7-5-2015;0,124560185;16;€ 0,00;NL
7-5-2015;0,1690625;18;€ 0,00;NL
7-5-2015;0,246921296;11;€ 0,00;NL
7-5-2015;0,291168981;765;€ 0,03;NL
7-5-2015;0,560104167;463;€ 0,02;NL
7-5-2015;0,809814815;110;€ 0,01;NL
7-5-2015;0,958506944;25;€ 0,00;NL
8-5-2015;0,001678241;16;€ 0,00;NL
8-5-2015;0,08369213;31;€ 0,00;NL
8-5-2015;0,1496875;29;€ 0,00;NL
8-5-2015;0,283865741;742;€ 0,03;NL
8-5-2015;0,53068287;968;€ 0,04;NL
8-5-2015;0,779479167;150;€ 0,01;NL
9-5-2015;0,027037037;11;€ 0,00;NL
9-5-2015;0,054224537;34;€ 0,00;NL
9-5-2015;0,172361111;21;€ 0,00;NL
9-5-2015;0,214791667;38;€ 0,00;NL
9-5-2015;0,336412037;96;€ 0,00;NL
9-5-2015;0,465625;18;€ 0,00;NL
9-5-2015;0,474375;11.036,00;€ 0,41;NL
9-5-2015;0,723553241;483;€ 0,02;NL
9-5-2015;0,971076389;108;€ 0,01;NL
10-5-2015;0,156851852;16;€ 0,00;NL
10-5-2015;0,234444444;15;€ 0,00;NL
10-5-2015;0,289398148;12;€ 0,00;NL
10-5-2015;0,331840278;579;€ 0,02;NL
10-5-2015;0,493611111;622;€ 0,03;NL
10-5-2015;0,734421296;191;€ 0,01;NL
10-5-2015;0,982141204;31;€ 0,00;NL
11-5-2015;0,078055556;45;€ 0,00;NL
11-5-2015;0,169108796;23;€ 0,00;NL
11-5-2015;0,214328704;16;€ 0,00;NL
11-5-2015;0,24119213;531;€ 0,02;NL
11-5-2015;0,511203704;75;€ 0,00;NL
11-5-2015;0,546018519;1.048,00;€ 0,04;NL
12-5-2015;0,065590278;26;€ 0,00;NL
12-5-2015;0,114270833;30;€ 0,00;NL
12-5-2015;0,168912037;21;€ 0,00;NL
12-5-2015;0,222083333;494;€ 0,02;NL
12-5-2015;0,470127315;1.685,00;€ 0,06;NL
12-5-2015;0,717002315;135;€ 0,01;NL
12-5-2015;0,741331019;1.657,00;€ 0,06;NL
13-5-2015;0,306793981;564;€ 0,02;NL
13-5-2015;0,555694444;240;€ 0,01;NL
13-5-2015;0,702615741;2.286,00;€ 0,09;NL
13-5-2015;0,950231481;120;€ 0,01;NL
14-5-2015;0,124664352;47;€ 0,00;NL
14-5-2015;0,2309375;30;€ 0,00;NL
14-5-2015;0,294988426;495;€ 0,02;NL
14-5-2015;0,404768519;192;€ 0,01;NL
14-5-2015;0,483981481;2.987,00;€ 0,11;NL
14-5-2015;0,733831019;828;€ 0,03;NL
14-5-2015;0,791273148;456;€ 0,02;NL
14-5-2015;0,942743056;630;€ 0,03;NL
15-5-2015;0,192685185;352;€ 0,02;NL
15-5-2015;0,337303241;3.036,00;€ 0,12;NL
15-5-2015;0,414363426;1;€ 0,00;NL
15-5-2015;0,41505787;2.551,00;€ 0,10;NL
16-5-2015;0,686342593;52;€ 0,00;NL
16-5-2015;0,697372685;27;€ 0,00;NL
16-5-2015;0,711736111;74;€ 0,00;NL
16-5-2015;0,744861111;2.657,00;€ 0,10;NL
16-5-2015;0,991747685;442;€ 0,02;NL
17-5-2015;0,24099537;623;€ 0,03;NL
17-5-2015;0,489560185;625;€ 0,03;NL
17-5-2015;0,737314815;648;€ 0,03;NL
17-5-2015;0,91912037;76;€ 0,00;NL
18-5-2015;0,10462963;17;€ 0,00;NL
18-5-2015;0,185949074;16;€ 0,00;NL
18-5-2015;0,243171296;9;€ 0,00;NL
18-5-2015;0,275185185;837;€ 0,03;NL
18-5-2015;0,523090278;422;€ 0,02;NL
18-5-2015;0,772546296;1.309,00;€ 0,05;NL
18-5-2015;0,977731481;17;€ 0,00;NL
19-5-2015;0,339131944;696;€ 0,03;NL
19-5-2015;0,488599537;6.609,00;€ 0,25;NL
19-5-2015;0,738356481;33;€ 0,00;NL
19-5-2015;0,746053241;1;€ 0,00;NL
19-5-2015;0,746782407;42;€ 0,00;NL
19-5-2015;0,74755787;27;€ 0,00;NL
19-5-2015;0,7803125;3;€ 0,00;NL
19-5-2015;0,804664352;1;€ 0,00;NL
19-5-2015;0,806770833;203;€ 0,01;NL
19-5-2015;0,814328704;57;€ 0,00;NL
19-5-2015;0,817372685;394;€ 0,02;NL
19-5-2015;0,821284722;1;€ 0,00;NL
19-5-2015;0,836435185;80;€ 0,00;NL
19-5-2015;0,840983796;3.647,00;€ 0,14;NL
19-5-2015;0,964907407;1;€ 0,00;NL
19-5-2015;0,968865741;411;€ 0,02;NL
20-5-2015;0,214131944;1.409,00;€ 0,06;NL
20-5-2015;0,364270833;48;€ 0,00;NL
20-5-2015;0,375763889;20;€ 0,00;NL
20-5-2015;0,382685185;1;€ 0,00;NL
20-5-2015;0,388136574;105;€ 0,01;NL
20-5-2015;0,455127315;683;€ 0,03;NL
20-5-2015;0,49931713;5;€ 0,00;NL
20-5-2015;0,512789352;3.615,00;€ 0,14;NL
20-5-2015;0,64193287;156;€ 0,01;NL
20-5-2015;0,673796296;15;€ 0,00;NL
20-5-2015;0,680497685;22;€ 0,00;NL
20-5-2015;0,725023148;123;€ 0,01;NL
20-5-2015;0,764560185;98;€ 0,00;NL
20-5-2015;0,78744213;728;€ 0,03;NL
21-5-2015;0,030729167;997;€ 0,04;NL
21-5-2015;0,28431713;3.345,00;€ 0,13;NL
21-5-2015;0,522523148;260;€ 0,01;NL
21-5-2015;0,603101852;7;€ 0,00;NL
21-5-2015;0,613900463;54;€ 0,00;NL
21-5-2015;0,64255787;19;€ 0,00;NL
21-5-2015;0,657615741;11;€ 0,00;NL
21-5-2015;0,66318287;56;€ 0,00;NL
21-5-2015;0,675555556;137;€ 0,01;NL
21-5-2015;0,719965278;237;€ 0,01;NL
21-5-2015;0,74724537;25;€ 0,00;NL
21-5-2015;0,74837963;175;€ 0,01;NL
21-5-2015;0,809155093;75;€ 0,00;NL
21-5-2015;0,833043981;19;€ 0,00;NL
21-5-2015;0,841712963;1.049,00;€ 0,04;NL
22-5-2015;0,09130787;228;€ 0,01;NL
22-5-2015;0,155856481;323;€ 0,02;NL
22-5-2015;0,287719907;465;€ 0,02;NL
22-5-2015;0,463506944;6;€ 0,00;NL
22-5-2015;0,464490741;115;€ 0,01;NL
22-5-2015;0,496331019;8.212,00;€ 0,31;NL
22-5-2015;0,622407407;1.204,00;€ 0,05;NL
22-5-2015;0,869826389;70;€ 0,00;NL
23-5-2015;0,072835648;9;€ 0,00;NL
23-5-2015;0,11525463;629;€ 0,03;NL
26-5-2015;0,458541667;350;€ 0,02;NL
26-5-2015;0,469814815;1.371,00;€ 0,05;NL
26-5-2015;0,520798611;216;€ 0,01;NL
26-5-2015;0,744340278;55;€ 0,00;NL
26-5-2015;0,749027778;8;€ 0,00;NL
26-5-2015;0,751539352;1;€ 0,00;NL
26-5-2015;0,761493056;301;€ 0,02;NL
27-5-2015;0,008321759;3;€ 0,00;NL
27-5-2015;0,034097222;16;€ 0,00;NL
27-5-2015;0,083483796;40;€ 0,00;NL
27-5-2015;0,196782407;10;€ 0,00;NL
27-5-2015;0,229490741;529;€ 0,02;NL
27-5-2015;0,402604167;809;€ 0,03;NL
27-5-2015;0,650324074;2.000,00;€ 0,07;NL
27-5-2015;0,898113426;399;€ 0,02;NL
28-5-2015;0,136388889;22;€ 0,00;NL
28-5-2015;0,185775463;9;€ 0,00;NL
28-5-2015;0,224768519;23;€ 0,00;NL
28-5-2015;0,277615741;399;€ 0,02;NL
28-5-2015;0,450613426;556;€ 0,02;NL
28-5-2015;0,697268519;534;€ 0,02;NL
28-5-2015;0,945775463;125;€ 0,01;NL
29-5-2015;0,193969907;580;€ 0,02;NL
29-5-2015;0,443356481;13;€ 0,00;NL
29-5-2015;0,482326389;29;€ 0,00;NL
29-5-2015;0,553240741;1;€ 0,00;NL
29-5-2015;0,581087963;9;€ 0,00;NL
29-5-2015;0,619351852;36;€ 0,00;NL
29-5-2015;0,692337963;1.015,00;€ 0,04;NL
29-5-2015;0,939907407;86;€ 0,00;NL
30-5-2015;0,039282407;1;€ 0,00;NL
30-5-2015;0,073402778;8;€ 0,00;NL
30-5-2015;0,097083333;37;€ 0,00;NL
30-5-2015;0,229803241;17;€ 0,00;NL
30-5-2015;0,28244213;1.418,00;€ 0,06;NL
30-5-2015;0,539537037;27.240,00;€ 1,01;NL
30-5-2015;0,789490741;234;€ 0,01;NL
30-5-2015;0,835011574;30;€ 0,00;NL
30-5-2015;0,904305556;181;€ 0,01;NL
31-5-2015;0,153935185;9;€ 0,00;NL
31-5-2015;0,184571759;12;€ 0,00;NL
31-5-2015;0,224907407;9;€ 0,00;NL
31-5-2015;0,265949074;9;€ 0,00;NL
31-5-2015;0,307002315;10;€ 0,00;NL
31-5-2015;0,337569444;582;€ 0,02;NL
31-5-2015;0,410358796;4.579,00;€ 0,17;NL
31-5-2015;0,539212963;11;€ 0,00;NL
31-5-2015;0,544456019;153;€ 0,01;NL
31-5-2015;0,783425926;143;€ 0,01;NL
1-6-2015;0,030196759;18;€ 0,00;NL
1-6-2015;0,104571759;2;€ 0,00;NL
1-6-2015;0,141458333;10;€ 0,00;NL
1-6-2015;0,180428241;17;€ 0,00;NL
1-6-2015;0,224965278;16;€ 0,00;NL
1-6-2015;0,287534722;336;€ 0,02;NL
1-6-2015;0,454074074;374;€ 0,02;NL
1-6-2015;0,680625;297;€ 0,01;NL
1-6-2015;0,760428241;1.204,00;€ 0,05;NL
2-6-2015;0,00849537;124;€ 0,01;NL
2-6-2015;0,201608796;9;€ 0,00;NL
2-6-2015;0,224606481;16;€ 0,00;NL
2-6-2015;0,290648148;1.892,00;€ 0,07;NL
2-6-2015;0,538275463;3.686,00;€ 0,14;NL
2-6-2015;0,78744213;152;€ 0,01;NL
2-6-2015;0,974340278;23;€ 0,00;NL
3-6-2015;0,066875;8;€ 0,00;NL
3-6-2015;0,24630787;359;€ 0,02;NL
3-6-2015;0,419780093;542;€ 0,02;NL
3-6-2015;0,597962963;10.050,00;€ 0,38;NL
3-6-2015;0,845081019;93;€ 0,00;NL
3-6-2015;0,932233796;391;€ 0,02;NL
4-6-2015;0,021898148;23;€ 0,00;NL
4-6-2015;0,078240741;51;€ 0,00;NL
4-6-2015;0,228981481;34;€ 0,00;NL
4-6-2015;0,336006944;716;€ 0,03;NL
4-6-2015;0,584722222;618;€ 0,03;NL
4-6-2015;0,840694444;24;€ 0,00;NL
4-6-2015;0,914756944;93;€ 0,00;NL
5-6-2015;0,074571759;40;€ 0,00;NL
5-6-2015;0,183009259;11;€ 0,00;NL
5-6-2015;0,232407407;1;€ 0,00;NL
5-6-2015;0,267233796;27;€ 0,00;NL
5-6-2015;0,327731481;841;€ 0,03;NL
5-6-2015;0,562094907;1.272,00;€ 0,05;NL
5-6-2015;0,747395833;246;€ 0,01;NL
5-6-2015;0,994837963;85;€ 0,00;NL
6-4-2015;0,20380787;10;€ 0,00;NL
6-4-2015;0,244861111;17;€ 0,00;NL
6-4-2015;0,322233796;16;€ 0,00;NL
6-4-2015;0,386689815;1;€ 0,00;NL
6-4-2015;0,408993056;24;€ 0,00;NL
6-4-2015;0,479097222;45;€ 0,00;NL
6-4-2015;0,532175926;8;€ 0,00;NL
6-4-2015;0,535081019;716;€ 0,03;NL
6-4-2015;0,676516204;164;€ 0,01;NL
6-4-2015;0,746631944;710;€ 0,03;NL
6-4-2015;0,993993056;83;€ 0,00;NL
7-4-2015;0,152175926;10;€ 0,00;NL
7-4-2015;0,20318287;36;€ 0,00;NL
7-4-2015;0,309502315;478;€ 0,02;NL
7-4-2015;0,490023148;705;€ 0,03;NL
7-4-2015;0,737060185;263;€ 0,01;NL
8-4-2015;0,008680556;21;€ 0,00;NL
8-4-2015;0,06849537;42;€ 0,00;NL
8-4-2015;0,201215278;389;€ 0,02;NL
9-4-2015;0,330787037;2.211,00;€ 0,09;NL
9-4-2015;0,57650463;281;€ 0,01;NL
9-4-2015;0,69962963;42;€ 0,00;NL
9-4-2015;0,814791667;138;€ 0,01;NL
9-4-2015;0,93775463;167;€ 0,01;NL
10-4-2015;0,184988426;22;€ 0,00;NL
10-4-2015;0,230891204;32;€ 0,00;NL
10-4-2015;0,278206019;14;€ 0,00;NL
10-4-2015;0,321157407;692;€ 0,03;NL
10-4-2015;0,568912037;421;€ 0,02;NL
10-4-2015;0,702106481;34;€ 0,00;NL
10-4-2015;0,709641204;382;€ 0,02;NL
10-4-2015;0,947303241;90;€ 0,00;NL
11-4-2015;0,096701389;46;€ 0,00;NL
11-4-2015;0,203032407;21;€ 0,00;NL
11-4-2015;0,26005787;204;€ 0,01;NL
11-4-2015;0,332569444;1;€ 0,00;NL
11-4-2015;0,354166667;359;€ 0,02;NL
11-4-2015;0,601990741;56;€ 0,00;NL
11-4-2015;0,702766204;10;€ 0,00;NL
11-4-2015;0,714571759;2.017,00;€ 0,08;NL
11-4-2015;0,962743056;109;€ 0,01;NL
12-4-2015;0,406157407;71;€ 0,00;NL
12-4-2015;0,472407407;182;€ 0,01;NL
12-4-2015;0,67162037;237;€ 0,01;NL
12-4-2015;0,921099537;83;€ 0,00;NL
13-4-2015;0,034479167;38;€ 0,00;NL
13-4-2015;0,144166667;33;€ 0,00;NL
13-4-2015;0,253969907;1;€ 0,00;NL
13-4-2015;0,297893519;674;€ 0,03;NL
13-4-2015;0,546458333;581;€ 0,02;NL
13-4-2015;0,796064815;796;€ 0,03;NL
14-4-2015;0,004375;22;€ 0,00;NL
14-4-2015;0,332789352;713;€ 0,03;NL
14-4-2015;0,58119213;629;€ 0,03;NL
14-4-2015;0,834351852;720;€ 0,03;NL
15-4-2015;0,084305556;79;€ 0,00;NL
15-4-2015;0,207997685;23;€ 0,00;NL
15-4-2015;0,254618056;9;€ 0,00;NL
15-4-2015;0,294270833;2;€ 0,00;NL
15-4-2015;0,337395833;640;€ 0,03;NL
15-4-2015;0,58431713;126;€ 0,01;NL
15-4-2015;0,616215278;9.315,00;€ 0,35;NL
15-4-2015;0,865532407;2.639,00;€ 0,10;NL
16-4-2015;0,294444444;884;€ 0,03;NL
16-4-2015;0,512627315;182;€ 0,01;NL
16-4-2015;0,571203704;288;€ 0,01;NL
16-4-2015;0,661527778;5.202,00;€ 0,20;NL
16-4-2015;0,91068287;19;€ 0,00;NL
17-4-2015;0,288020833;1.851,00;€ 0,07;NL
17-4-2015;0,368645833;680;€ 0,03;NL
17-4-2015;0,615555556;42.903,00;€ 1,60;NL
17-4-2015;0,865601852;1.957,00;€ 0,07;NL
18-4-2015;0,293229167;96;€ 0,00;NL
18-4-2015;0,397395833;1.704,00;€ 0,07;NL
18-4-2015;0,524733796;16.872,00;€ 0,63;NL
18-4-2015;0,771793981;7.545,00;€ 0,28;NL
19-4-2015;0,020381944;29;€ 0,00;NL
19-4-2015;0,052071759;151;€ 0,01;NL
19-4-2015;0,290092593;9;€ 0,00;NL
19-4-2015;0,328796296;5.068,00;€ 0,19;NL
19-4-2015;0,567743056;617;€ 0,03;NL
19-4-2015;0,772083333;2.339,00;€ 0,09;NL
19-4-2015;0,833969907;135;€ 0,01;NL
20-4-2015;0,306678241;3.658,00;€ 0,14;NL
20-4-2015;0,556539352;776;€ 0,03;NL
20-4-2015;0,803333333;214;€ 0,01;NL
21-4-2015;0,050034722;37;€ 0,00;NL
21-4-2015;0,132060185;17;€ 0,00;NL
21-4-2015;0,189803241;54;€ 0,00;NL
21-4-2015;0,300289352;10;€ 0,00;NL
21-4-2015;0,33994213;2.577,00;€ 0,10;NL
21-4-2015;0,54599537;2.005,00;€ 0,08;NL
21-4-2015;0,686585648;1.463,00;€ 0,06;NL
21-4-2015;0,924131944;1.142,00;€ 0,05;NL
22-4-2015;0,303622685;816;€ 0,03;NL
22-4-2015;0,563425926;869;€ 0,03;NL
22-4-2015;0,810543981;769;€ 0,03;NL
22-4-2015;0,899490741;348;€ 0,02;NL
23-4-2015;0,137060185;18;€ 0,00;NL
23-4-2015;0,201076389;1;€ 0,00;NL
23-4-2015;0,211134259;9;€ 0,00;NL
23-4-2015;0,252615741;33;€ 0,00;NL
23-4-2015;0,33255787;697;€ 0,03;NL
23-4-2015;0,569027778;583;€ 0,02;NL
23-4-2015;0,82962963;1;€ 0,00;NL
23-4-2015;0,850462963;171;€ 0,01;NL
24-4-2015;0,109097222;128;€ 0,01;NL
24-4-2015;0,346388889;1.191,00;€ 0,05;NL
24-4-2015;0,605706019;257;€ 0,01;NL
24-4-2015;0,750497685;27;€ 0,00;NL
24-4-2015;0,764525463;16;€ 0,00;NL
24-4-2015;0,780092593;28;€ 0,00;NL
24-4-2015;0,840416667;181;€ 0,01;NL
25-4-2015;0,088344907;2.600,00;€ 0,10;NL
25-4-2015;0,263541667;928;€ 0,04;NL
25-4-2015;0,284594907;383;€ 0,02;NL
1-5-2015;0,020671296;578;€ 0,02;NL
1-5-2015;0,295509259;650;€ 0,03;NL
1-5-2015;0,543796296;686;€ 0,03;NL
1-5-2015;0,793217593;1;€ 0,00;NL
1-5-2015;0,799409722;166;€ 0,01;NL
2-5-2015;0,035740741;6;€ 0,00;NL
2-5-2015;0,073310185;26;€ 0,00;NL
2-5-2015;0,134502315;41;€ 0,00;NL
2-5-2015;0,229733796;97;€ 0,00;NL
2-5-2015;0,370601852;47;€ 0,00;NL
2-5-2015;0,389189815;8;€ 0,00;NL
2-5-2015;0,408506944;474;€ 0,02;NL
2-5-2015;0,603981481;23;€ 0,00;NL
2-5-2015;0,648506944;90;€ 0,00;NL
2-5-2015;0,738541667;1;€ 0,00;NL
2-5-2015;0,742384259;671;€ 0,03;NL
2-5-2015;0,991215278;19;€ 0,00;NL
3-5-2015;0,364756944;242;€ 0,01;NL
3-5-2015;0,614618056;434;€ 0,02;NL
3-5-2015;0,733969907;31;€ 0,00;NL
3-5-2015;0,766261574;5.046,00;€ 0,19;NL
4-5-2015;0,015173611;1;€ 0,00;NL
4-5-2015;0,040243056;48;€ 0,00;NL
4-5-2015;0,1528125;40;€ 0,00;NL
4-5-2015;0,269560185;360;€ 0,02;NL
4-5-2015;0,517349537;739;€ 0,03;NL
4-5-2015;0,764351852;155;€ 0,01;NL
5-5-2015;0,011469907;32;€ 0,00;NL
5-5-2015;0,111724537;10;€ 0,00;NL
5-5-2015;0,172060185;47;€ 0,00;NL
5-5-2015;0,316585648;1;€ 0,00;NL
5-5-2015;0,33755787;33;€ 0,00;NL
5-5-2015;0,404988426;20;€ 0,00;NL
5-5-2015;0,441053241;7;€ 0,00;NL
5-5-2015;0,454699074;21;€ 0,00;NL
5-5-2015;0,47931713;4.997,00;€ 0,19;NL
6-3-2015;0,412002315;3.211,00;€ 0,12;NL
6-3-2015;0,607395833;16.697,00;€ 0,62;NL
6-3-2015;0,919884259;2.764,00;€ 0,10;NL
7-3-2015;0,342268519;1.330,00;€ 0,05;NL
7-3-2015;0,591180556;123;€ 0,01;NL
7-3-2015;0,776006944;90;€ 0,00;NL
7-3-2015;0,93650463;46;€ 0,00;NL
8-3-2015;0,377118056;2.740,00;€ 0,10;NL
8-3-2015;0,467083333;42;€ 0,00;NL
8-3-2015;0,472141204;16;€ 0,00;NL
8-3-2015;0,473668981;21;€ 0,00;NL
8-3-2015;0,474918981;353;€ 0,02;NL
8-3-2015;0,502766204;48;€ 0,00;NL
8-3-2015;0,652083333;8.289,00;€ 0,31;NL
8-3-2015;0,900208333;1.006,00;€ 0,04;NL
9-3-2015;0,150185185;1.250,00;€ 0,05;NL
9-3-2015;0,328275463;3.554,00;€ 0,13;NL
9-3-2015;0,427766204;1.767,00;€ 0,07;NL
10-3-2015;0,759247685;145;€ 0,01;NL
11-3-2015;0,029456019;369;€ 0,02;NL
11-3-2015;0,278657407;630;€ 0,03;NL
11-3-2015;0,348148148;1.151,00;€ 0,05;NL
11-3-2015;0,598125;615;€ 0,03;NL
12-3-2015;0,708634259;59;€ 0,00;NL
12-3-2015;0,740474537;544;€ 0,02;NL
13-3-2015;0,262048611;555;€ 0,02;NL
13-3-2015;0,704328704;815;€ 0,03;NL
13-3-2015;0,741134259;895;€ 0,03;NL
13-3-2015;0,990486111;2;€ 0,00;NL
14-3-2015;0,039270833;1;€ 0,00;NL
14-3-2015;0,06087963;66;€ 0,00;NL
14-3-2015;0,18943287;22;€ 0,00;NL
14-3-2015;0,245775463;164;€ 0,01;NL
14-3-2015;0,422002315;527;€ 0,02;NL
14-3-2015;0,743946759;1.314,00;€ 0,05;NL
14-3-2015;0,993969907;165;€ 0,01;NL
15-3-2015;0,243969907;124;€ 0,01;NL
15-3-2015;0,466898148;209;€ 0,01;NL
15-3-2015;0,716180556;961;€ 0,04;NL
15-3-2015;0,966203704;574;€ 0,02;NL
16-3-2015;0,21619213;1.263,00;€ 0,05;NL
16-3-2015;0,466180556;1.604,00;€ 0,06;NL
16-3-2015;0,716180556;593;€ 0,02;NL
17-3-2015;0,26224537;1.711,00;€ 0,07;NL
17-3-2015;0,472291667;1.137,00;€ 0,05;NL
17-3-2015;0,511296296;87;€ 0,00;NL
17-3-2015;0,945046296;405;€ 0,02;NL
18-3-2015;0,372210648;994;€ 0,04;NL
18-3-2015;0,606608796;1.313,00;€ 0,05;NL
18-3-2015;0,759675926;1.308,00;€ 0,05;NL
19-3-2015;0,007858796;104;€ 0,01;NL
19-3-2015;0,257858796;1.074,00;€ 0,04;NL
19-3-2015;0,50787037;376;€ 0,02;NL
19-3-2015;0,539097222;1.978,00;€ 0,07;NL
19-3-2015;0,710219907;32.401,00;€ 1,21;NL
19-3-2015;0,959259259;32;€ 0,00;NL
20-3-2015;0,063518519;10;€ 0,00;NL
20-3-2015;0,099039352;18;€ 0,00;NL
20-3-2015;0,107685185;10;€ 0,00;NL
20-3-2015;0,216550926;850;€ 0,03;NL
20-3-2015;0,431296296;262;€ 0,01;NL
20-3-2015;0,549907407;72.000,00;€ 2,67;NL
20-3-2015;0,725289352;72.000,00;€ 2,67;NL
20-3-2015;0,802962963;107;€ 0,01;NL
20-3-2015;0,83994213;1;€ 0,00;NL
21-3-2015;0,464189815;677;€ 0,03;NL
21-3-2015;0,642060185;1.029,00;€ 0,04;NL
21-3-2015;0,669108796;576;€ 0,02;NL
21-3-2015;0,917581019;61;€ 0,00;NL
21-3-2015;0,942997685;133;€ 0,01;NL
22-3-2015;0,142766204;15;€ 0,00;NL
22-3-2015;0,143773148;9;€ 0,00;NL
22-3-2015;0,185497685;9;€ 0,00;NL
22-3-2015;0,190763889;1;€ 0,00;NL
22-3-2015;0,294097222;8;€ 0,00;NL
22-3-2015;0,325405093;37;€ 0,00;NL
22-3-2015;0,393090278;55;€ 0,00;NL
22-3-2015;0,444548611;9;€ 0,00;NL
22-3-2015;0,444907407;154;€ 0,01;NL
22-3-2015;0,691886574;282;€ 0,01;NL
22-3-2015;0,941886574;32;€ 0,00;NL
23-3-2015;0,053090278;19;€ 0,00;NL
23-3-2015;0,129560185;17;€ 0,00;NL
23-3-2015;0,17130787;21;€ 0,00;NL
23-3-2015;0,21443287;457;€ 0,02;NL
23-3-2015;0,390856481;675;€ 0,03;NL
23-3-2015;0,712766204;98;€ 0,00;NL
23-3-2015;0,794456019;10;€ 0,00;NL
23-3-2015;0,817453704;69;€ 0,00;NL
23-3-2015;0,969236111;17;€ 0,00;NL
23-3-2015;0,978657407;22;€ 0,00;NL
24-3-2015;0,094791667;1;€ 0,00;NL
24-3-2015;0,121261574;12;€ 0,00;NL
24-3-2015;0,160914352;170;€ 0,01;NL
24-3-2015;0,226851852;460;€ 0,02;NL
24-3-2015;0,476608796;301;€ 0,02;NL
24-3-2015;0,726631944;96;€ 0,00;NL
24-3-2015;0,803101852;84;€ 0,00;NL
24-3-2015;0,899340278;31;€ 0,00;NL
24-3-2015;0,937222222;20;€ 0,00;NL
25-3-2015;0,091550926;8;€ 0,00;NL
25-3-2015;0,127060185;29;€ 0,00;NL
25-3-2015;0,219502315;8;€ 0,00;NL
25-3-2015;0,26193287;748;€ 0,03;NL
25-3-2015;0,511342593;421;€ 0,02;NL
25-3-2015;0,662037037;639;€ 0,03;NL
25-3-2015;0,910648148;653;€ 0,03;NL
26-3-2015;0,16068287;164;€ 0,01;NL
26-3-2015;0,225358796;817;€ 0,03;NL
26-3-2015;0,401134259;322;€ 0,02;NL
26-3-2015;0,621863426;682;€ 0,03;NL
26-3-2015;0,868993056;9;€ 0,00;NL
26-3-2015;0,8940625;48;€ 0,00;NL
26-3-2015;0,980474537;25;€ 0,00;NL
27-3-2015;0,132916667;9;€ 0,00;NL
27-3-2015;0,171886574;17;€ 0,00;NL
27-3-2015;0,214340278;41;€ 0,00;NL
27-3-2015;0,321377315;503;€ 0,02;NL
27-3-2015;0,45619213;514;€ 0,02;NL
27-3-2015;0,775231481;418;€ 0,02;NL
28-3-2015;0,025231481;88;€ 0,00;NL
28-3-2015;0,180185185;26;€ 0,00;NL
28-3-2015;0,217789352;9;€ 0,00;NL
28-3-2015;0,253275463;30;€ 0,00;NL
28-3-2015;0,326284722;2;€ 0,00;NL
28-3-2015;0,358645833;199;€ 0,01;NL
28-3-2015;0,362476852;19;€ 0,00;NL
28-3-2015;0,606018519;1.214,00;€ 0,05;NL
28-3-2015;0,928009259;415;€ 0,02;NL
29-3-2015;0,219675926;24;€ 0,00;NL
29-3-2015;0,269733796;20;€ 0,00;NL
29-3-2015;0,342743056;469;€ 0,02;NL
29-3-2015;0,59119213;2.454,00;€ 0,09;NL
29-3-2015;0,841203704;147;€ 0,01;NL
29-3-2015;0,962465278;75;€ 0,00;NL
30-3-2015;0,159768519;19;€ 0,00;NL
30-3-2015;0,23625;19;€ 0,00;NL
30-3-2015;0,338298611;10;€ 0,00;NL
30-3-2015;0,3703125;641;€ 0,03;NL
30-3-2015;0,649097222;509;€ 0,02;NL
30-3-2015;0,896770833;420;€ 0,02;NL
31-3-2015;0,146759259;1;€ 0,00;NL
31-3-2015;0,181574074;19;€ 0,00;NL
31-3-2015;0,230243056;22;€ 0,00;NL
31-3-2015;0,2928125;330;€ 0,02;NL
31-3-2015;0,72775463;2.382,00;€ 0,09;NL
31-3-2015;0,976631944;26;€ 0,00;NL
1-4-2015;0,042685185;19;€ 0,00;NL
1-4-2015;0,110138889;18;€ 0,00;NL
1-4-2015;0,173425926;24;€ 0,00;NL
1-4-2015;0,68130787;320;€ 0,02;NL
1-4-2015;0,80337963;127;€ 0,01;NL
2-4-2015;0,053020833;40;€ 0,00;NL
2-4-2015;0,205185185;11;€ 0,00;NL
2-4-2015;0,230983796;15;€ 0,00;NL
2-4-2015;0,284548611;19;€ 0,00;NL
2-4-2015;0,364479167;650;€ 0,03;NL
2-4-2015;0,611446759;1.288,00;€ 0,05;NL
2-4-2015;0,862048611;36;€ 0,00;NL
2-4-2015;0,910763889;130;€ 0,01;NL
3-4-2015;0,025439815;49;€ 0,00;NL
3-4-2015;0,169976852;106;€ 0,01;NL
3-4-2015;0,417604167;11;€ 0,00;NL
3-4-2015;0,445486111;61;€ 0,00;NL
3-4-2015;0,488969907;75;€ 0,00;NL
3-4-2015;0,526736111;490;€ 0,02;NL
3-4-2015;0,77525463;409;€ 0,02;NL
4-4-2015;0,025243056;30;€ 0,00;NL
4-4-2015;0,142685185;15;€ 0,00;NL
4-4-2015;0,196238426;10;€ 0,00;NL
4-4-2015;0,230347222;66;€ 0,00;NL
4-4-2015;0,45125;640;€ 0,03;NL
4-4-2015;0,634166667;257;€ 0,01;NL
4-4-2015;0,882893519;1.024,00;€ 0,04;NL
5-4-2015;0,13287037;298;€ 0,01;NL
5-4-2015;0,465300926;900;€ 0,03;NL
5-4-2015;0,716284722;1.249,00;€ 0,05;NL
5-4-2015;0,963854167;168;€ 0,01;NL
12-12-2015;16:05:39;168,187;€ 0,04;BL
12-12-2015;16:09:23;313,246;€ 0,07;BL
15-12-2015;16:31:29;1.002,97;€ 0,24;BL
29-12-2015;16:30:36;1.782,19;€ 0,42;BL
30-12-2015;8:46:10;1.066,79;€ 0,25;BL
15-7-2015;20:02:37;18.038,00;€ 4,23;BL
16-7-2015;0:18:05;132;€ 0,03;BL
16-7-2015;0:38:10;52;€ 0,01;BL
16-7-2015;7:08:28;2.580,00;€ 0,61;BL
16-7-2015;8:52:34;125;€ 0,03;BL
16-7-2015;9:20:53;683;€ 0,16;BL
26-5-2015;8:45:37;668;€ 0,16;BL
